학교코드(KEDI),학교명_20251001,학교점_통학구역포함,학교점_통학구역거리_m
212021111,남항초등학교,True,0.0
212021116,감천초등학교,True,0.0
212021124,괴정초등학교,True,0.0
212021132,구덕초등학교,True,0.0
212021140,구평초등학교,True,0.0
212021148,낙동초등학교,True,0.0
212021156,남부민초등학교,True,0.0
212021180,다대초등학교,True,0.0
212021188,다선초등학교,True,0.0
212021192,다송초등학교,True,0.0
212021196,당리초등학교,True,0.0
212021204,대교초등학교,True,0.0
212021212,대신초등학교,True,0.0
212021220,대평초등학교,True,0.0
212021236,동삼초등학교,True,0.0
212021244,동신초등학교,True,0.0
212021265,보림초등학교,True,0.0
212021280,봉삼초등학교,True,0.0
212021284,봉학초등학교,True,0.0
212021286,보수초등학교,True,0.0
212021287,광일초등학교,True,0.0
212021288,봉래초등학교,True,0.0
212021292,부민초등학교,True,0.0
212021300,사남초등학교,True,0.0
212021303,몰운대초등학교,True,0.0
212021308,사동초등학교,True,0.0
212021316,사하초등학교,True,0.0
212021324,상리초등학교,True,0.0
212021332,서천초등학교,True,0.0
212021348,송도초등학교,True,0.0
212021372,승학초등학교,True,0.0
212021376,신남초등학교,True,0.0
212021388,신촌초등학교,True,0.0
212021396,신평초등학교,True,0.0
212021404,아미초등학교,True,0.0
212021412,영도초등학교,True,0.0
212021428,옥천초등학교,True,0.0
212021430,을숙도초등학교,True,0.0
212021432,응봉초등학교,True,0.0
212021436,장림초등학교,True,0.0
212021456,절영초등학교,True,0.0
212021460,중리초등학교,True,0.0
212021480,중현초등학교,True,0.0
212021484,천마초등학교,True,0.0
212021492,청동초등학교,True,0.0
212021500,청학초등학교,True,0.0
212021524,태종대초등학교,True,0.0
212021532,토성초등학교,True,0.0
212021540,하남초등학교,True,0.0
212021548,하단초등학교,True,0.0
212021556,화랑초등학교,True,0.0
212021564,효림초등학교,True,0.0
213021058,초량초등학교,True,0.0
213021089,백운초등학교,True,0.0
213021106,가남초등학교,True,0.0
213021124,가야초등학교,True,0.0
213021130,가평초등학교,True,0.0
213021142,개금초등학교,True,0.0
213021148,개포초등학교,True,0.0
213021150,대연초등학교,True,0.0
213021154,개화초등학교,True,0.0
213021160,대천초등학교,True,0.0
213021175,동일중앙초등학교,True,0.0
213021180,동천초등학교,True,0.0
213021190,동항초등학교,True,0.0
213021196,당감초등학교,True,0.0
213021202,당평초등학교,True,0.0
213021210,문현초등학교,True,0.0
213021213,성천초등학교,True,0.0
213021238,대남초등학교,True,0.0
213021257,개림초등학교,True,0.0
213021264,동평초등학교,True,0.0
213021268,동원초등학교,True,0.0
213021269,성북초등학교,True,0.0
213021283,범일초등학교,True,0.0
213021289,분포초등학교,True,0.0
213021290,석포초등학교,True,0.0
213021295,성남초등학교,True,0.0
213021300,성동초등학교,True,0.0
213021335,수성초등학교,True,0.0
213021345,수정초등학교,True,0.0
213021346,부암초등학교,True,0.0
213021352,부산진초등학교,True,0.0
213021358,부전초등학교,True,0.0
213021360,오륙도초등학교,True,0.0
213021370,연포초등학교,True,0.0
213021380,용당초등학교,True,0.0
213021385,용문초등학교,True,0.0
213021390,용산초등학교,True,0.0
213021394,선암초등학교,True,0.0
213021400,용호초등학교,True,0.0
213021406,성서초등학교,True,0.0
213021410,우암초등학교,True,0.0
213021412,성전초등학교,True,0.0
213021418,성지초등학교,True,0.0
213021430,운산초등학교,True,0.0
213021448,양동초등학교,True,0.0
213021454,양성초등학교,True,0.0
213021460,양정초등학교,True,0.0
213021478,연지초등학교,True,0.0
213021484,연학초등학교,True,0.0
213021490,전포초등학교,True,0.0
213021502,주례초등학교,True,0.0
213021526,초읍초등학교,True,0.0
213021551,동양초등학교,True,0.0
213021623,개원초등학교,True,0.0
213021711,용소초등학교,True,0.0
214021024,서동초등학교,True,0.0
214021127,공덕초등학교,True,0.0
214021145,교동초등학교,True,0.0
214021156,거제초등학교,True,0.0
214021158,거학초등학교,True,0.0
214021159,과정초등학교,True,0.0
214021163,금강초등학교,True,0.0
214021172,금사초등학교,True,0.0
214021180,금빛초등학교,True,0.0
214021181,금성초등학교,True,0.0
214021183,남문초등학교,True,0.0
214021185,금샘초등학교,True,0.0
214021190,금정초등학교,True,0.0
214021195,금양초등학교,True,0.0
214021199,낙민초등학교,True,0.0
214021208,남산초등학교,True,0.0
214021214,미남초등학교,True,0.0
214021217,내산초등학교,True,0.0
214021226,내성초등학교,True,0.0
214021235,달북초등학교,True,0.0
214021249,예원초등학교,True,0.0
214021253,동상초등학교,True,0.0
214021262,동현초등학교,True,0.0
214021264,동명초등학교,True,0.0
214021271,명동초등학교,True,0.0
214021280,명륜초등학교,True,0.0
214021289,명서초등학교,True,0.0
214021298,명장초등학교,True,0.0
214021316,부곡초등학교,True,0.0
214021325,사직초등학교,True,0.0
214021352,서명초등학교,True,0.0
214021361,수안초등학교,True,0.0
214021370,안남초등학교,True,0.0
214021379,안락초등학교,True,0.0
214021384,안민초등학교,True,0.0
214021388,여고초등학교,True,0.0
214021401,구서초등학교,True,0.0
214021462,연동초등학교,True,0.0
214021464,연미초등학교,True,0.0
214021468,연산초등학교,True,0.0
214021469,온천초등학교,True,0.0
214021470,연서초등학교,True,0.0
214021471,연신초등학교,True,0.0
214021474,연일초등학교,True,0.0
214021476,연제초등학교,True,0.0
214021478,장서초등학교,True,0.0
214021481,연천초등학교,True,0.0
214021487,장전초등학교,True,0.0
214021505,청룡초등학교,True,0.0
214021514,충렬초등학교,True,0.0
214021517,창신초등학교,True,0.0
214021529,토현초등학교,True,0.0
214021532,현곡초등학교,True,0.0
214021542,안진초등학교,True,0.0
214021543,두실초등학교,True,0.0
214021619,온샘초등학교,True,0.0
215021005,와석초등학교,True,0.0
215021109,가락초등학교,True,0.0
215021114,오션초등학교,True,0.0
215021118,감전초등학교,True,0.0
215021131,녹산초등학교,True,0.0
215021136,구남초등학교,True,0.0
215021145,구포초등학교,True,0.0
215021154,구학초등학교,True,0.0
215021163,금곡초등학교,True,0.0
215021165,금명초등학교,True,0.0
215021166,신명초등학교,True,0.0
215021167,송정초등학교,True,0.0
215021172,금창초등학교,True,0.0
215021181,녹명초등학교,True,0.0
215021199,대사초등학교,True,0.0
215021208,대상초등학교,True,0.0
215021215,명일초등학교,True,0.0
215021217,대저초등학교,True,0.0
215021235,대천리초등학교,True,0.0
215021253,덕두초등학교,True,0.0
215021262,덕상초등학교,True,0.0
215021267,명호초등학교,True,0.0
215021271,덕성초등학교,True,0.0
215021274,덕양초등학교,True,0.0
215021280,덕천초등학교,True,0.0
215021289,덕포초등학교,True,0.0
215021292,동궁초등학교,True,0.0
215021298,동주초등학교,True,0.0
215021307,만덕초등학교,True,0.0
215021316,명덕초등학교,True,0.0
215021325,명지초등학교,True,0.0
215021326,명진초등학교,True,0.0
215021334,모덕초등학교,True,0.0
215021343,모동초등학교,True,0.0
215021352,모라초등학교,True,0.0
215021361,모산초등학교,True,0.0
215021369,명원초등학교,True,0.0
215021370,배영초등학교,True,0.0
215021379,백산초등학교,True,0.0
215021388,백양초등학교,True,0.0
215021397,사상초등학교,True,0.0
215021415,삼덕초등학교,True,0.0
215021428,상학초등학교,True,0.0
215021433,서감초등학교,True,0.0
215021460,신금초등학교,True,0.0
215021462,신덕초등학교,True,0.0
215021465,신천초등학교,True,0.0
215021469,신호초등학교,True,0.0
215021478,양덕초등학교,True,0.0
215021487,양천초등학교,True,0.0
215021496,엄궁초등학교,True,0.0
215021501,주양초등학교,True,0.0
215021502,용수초등학교,True,0.0
215021505,주감초등학교,True,0.0
215021514,주학초등학교,True,0.0
215021519,창진초등학교,True,0.0
215021523,천가초등학교,True,0.0
215021532,포천초등학교,True,0.0
215021538,학사초등학교,True,0.0
215021541,학장초등학교,True,0.0
215021550,학진초등학교,True,0.0
215021559,화명초등학교,True,0.0
215021565,화잠초등학교,True,0.0
215021828,대저중앙초등학교,True,0.0
215021853,명문초등학교,True,0.0
215021878,남명초등학교,True,0.0
215021879,화정초등학교,True,0.0
216021021,반안초등학교,True,0.0
216021112,강동초등학교,True,0.0
216021115,방곡초등학교,True,0.0
216021124,광남초등학교,True,0.0
216021131,가동초등학교,True,0.0
216021136,광안초등학교,True,0.0
216021148,기장초등학교,True,0.0
216021160,남천초등학교,True,0.0
216021172,용암초등학교,True,0.0
216021178,대청초등학교,True,0.0
216021184,동백초등학교,True,0.0
216021185,해원초등학교,True,0.0
216021196,망미초등학교,True,0.0
216021200,무정초등학교,True,0.0
216021208,민락초등학교,True,0.0
216021216,교리초등학교,True,0.0
216021220,민안초등학교,True,0.0
216021232,반산초등학교,True,0.0
216021238,반석초등학교,True,0.0
216021241,내리초등학교,True,0.0
216021242,신정초등학교,True,0.0
216021244,반송초등학교,True,0.0
216021256,반여초등학교,True,0.0
216021262,부흥초등학교,True,0.0
216021268,배산초등학교,True,0.0
216021272,상당초등학교,True,0.0
216021280,송운초등학교,True,0.0
216021292,송정초등학교,True,0.0
216021304,수미초등학교,True,0.0
216021310,해빛초등학교,True,0.0
216021316,수영초등학교,True,0.0
216021322,신곡초등학교,True,0.0
216021325,신도초등학교,True,0.0
216021328,신재초등학교,True,0.0
216021340,신진초등학교,True,0.0
216021346,양운초등학교,True,0.0
216021352,운봉초등학교,True,0.0
216021364,운송초등학교,True,0.0
216021367,일광초등학교,True,0.0
216021376,월내초등학교,True,0.0
216021388,월평초등학교,True,0.0
216021396,인지초등학교,True,0.0
216021412,장산초등학교,True,0.0
216021424,장안초등학교,True,0.0
216021436,재송초등학교,True,0.0
216021448,정관초등학교,True,0.0
216021460,좌동초등학교,True,0.0
216021472,좌산초등학교,True,0.0
216021484,좌천초등학교,True,0.0
216021496,죽성초등학교,True,0.0
216021508,철마초등학교,True,0.0
216021520,칠암초등학교,True,0.0
216021532,해강초등학교,True,0.0
216021544,해동초등학교,True,0.0
216021547,해림초등학교,True,0.0
216021550,해송초등학교,True,0.0
216021556,해운대초등학교,True,0.0
216021568,호암초등학교,True,0.0
216021569,삼어초등학교,True,0.0
216021570,송수초등학교,True,0.0
216021571,센텀초등학교,True,0.0
216021717,정원초등학교,True,0.0
216021718,달산초등학교,True,0.0
216021880,모전초등학교,True,0.0
