학교코드(KEDI),학교명_20251001,행정구_20251001,설립_20251001,지역규모_20251001,주소_20251001,학생수_20251001,학급수_20251001,교원수_20251001,학급당학생수_20251001_공시,교원1인당학생수_20251001_공시,부산교육청_기준학생수_정책2026,학생수기준_충족_정책2026,정책적용대상_공립_정책2026,주분석대상_소규모공립_정책2026,학생수_20250401_1학년,학급수_20250401_1학년,학생수_20250401_2학년,학급수_20250401_2학년,학생수_20250401_3학년,학급수_20250401_3학년,학생수_20250401_4학년,학급수_20250401_4학년,학생수_20250401_5학년,학급수_20250401_5학년,학생수_20250401_6학년,학급수_20250401_6학년,학생수_20250401_반합계,학급수_20250401_반합계,조사기준일_데이터3,학생수_20250401_학교총계,학급수_20250401_학교총계,교지면적_20250401,학생1인당교지면적_20250401_공시,일반교실수_20250401,교과교실수_20250401,특별교실수_20250401,수준별교실수_20250401,기타교실수_20250401,전체교실수_20250401,학생수_일반교실_20250401,학생수_전체교실_20250401,학급당학생수_20251001_계산,교원1인당학생수_20251001_계산
215021109,가락초등학교,강서구,공립,특별/광역시,부산광역시 강서구 호계로 41(죽림동.가락초등학교),19,7,19,2.7,1.0,240,True,True,True,7.0,1.0,3.0,2.0,3.0,1.0,3.0,1.0,2.0,1.0,1.0,1.0,19.0,7.0,20250401,19,7,13271,698.5,9,0,8,0,0,17,2.111111111111111,1.1176470588235294,2.7142857142857144,1.0
215021878,남명초등학교,강서구,공립,특별/광역시,부산광역시 강서구 명지오션시티11로 132(명지동. 남명초등학교),745,33,48,22.6,15.5,240,False,True,False,111.0,5.0,106.0,5.0,128.0,6.0,161.0,6.0,138.0,6.0,115.0,5.0,759.0,33.0,20250401,759,33,12300,16.2,34,0,2,0,0,36,22.323529411764707,21.083333333333332,22.575757575757574,15.520833333333334
215021181,녹명초등학교,강서구,공립,특별/광역시,부산광역시 강서구 낙동남로 617(녹산동. 녹명초등학교),99,7,13,14.1,7.6,240,True,True,True,13.0,1.0,18.0,1.0,13.0,1.0,20.0,1.0,12.0,1.0,24.0,2.0,100.0,7.0,20250401,100,7,11427,114.3,7,2,1,0,3,13,14.285714285714286,7.6923076923076925,14.142857142857142,7.615384615384615
215021131,녹산초등학교,강서구,공립,특별/광역시,부산광역시 강서구 과학산단2로20번길 55. 녹산초등학교 (지사동),1059,50,70,21.2,15.1,240,False,True,False,161.0,9.0,171.0,8.0,185.0,9.0,187.0,8.0,185.0,8.0,194.0,8.0,1083.0,50.0,20250401,1083,50,17120,15.8,51,0,1,0,0,52,21.235294117647058,20.826923076923077,21.18,15.128571428571428
215021199,대사초등학교,강서구,공립,특별/광역시,부산광역시 강서구 낙동북로73번길 29(강동동),10,7,13,1.4,0.8,240,True,True,True,2.0,1.0,2.0,1.0,3.0,1.0,2.0,1.0,2.0,2.0,2.0,1.0,13.0,7.0,20250401,13,7,9049,696.1,7,1,5,0,5,18,1.8571428571428572,0.7222222222222222,1.4285714285714286,0.7692307692307693
215021208,대상초등학교,강서구,공립,특별/광역시,부산광역시 강서구 대저로 249(대저1동),30,7,13,4.3,2.3,240,True,True,True,8.0,2.0,8.0,1.0,2.0,1.0,8.0,1.0,4.0,1.0,2.0,1.0,32.0,7.0,20250401,32,7,17839,557.5,7,3,4,0,1,15,4.571428571428571,2.1333333333333333,4.285714285714286,2.3076923076923075
215021828,대저중앙초등학교,강서구,공립,특별/광역시,부산광역시 강서구 에코델타2로 23(강동동),842,37,47,22.8,17.9,240,False,True,False,105.0,7.0,63.0,6.0,60.0,5.0,56.0,4.0,47.0,4.0,38.0,4.0,369.0,30.0,20250401,369,30,6819,18.5,49,9,1,0,0,59,7.530612244897959,6.254237288135593,22.756756756756758,17.914893617021278
215021217,대저초등학교,강서구,공립,특별/광역시,부산광역시 강서구 대저로29번길 27. 대저초등학교 (대저1동. 대저초등학교),29,6,12,4.8,2.4,240,True,True,True,,,7.0,1.0,7.0,2.0,4.0,1.0,4.0,1.0,9.0,1.0,31.0,6.0,20250401,31,6,20991,677.1,6,2,8,0,1,17,5.166666666666667,1.8235294117647058,4.833333333333333,2.4166666666666665
215021253,덕두초등학교,강서구,공립,특별/광역시,부산광역시 강서구 공항로791번길 68(대저2동.덕두초등학교),201,13,24,15.5,8.4,240,True,True,True,38.0,2.0,33.0,2.0,36.0,2.0,33.0,2.0,33.0,3.0,33.0,2.0,206.0,13.0,20250401,206,13,13720,66.6,13,0,4,0,5,22,15.846153846153847,9.363636363636363,15.461538461538462,8.375
215021853,명문초등학교,강서구,공립,특별/광역시,부산광역시 강서구 명지국제8로 195. 명문초등학교 (명지동),1128,47,64,24.0,17.6,240,False,True,False,202.0,8.0,241.0,10.0,230.0,10.0,196.0,8.0,154.0,6.0,121.0,5.0,1144.0,47.0,20250401,1144,47,16107,14.1,47,0,5,0,2,54,24.340425531914892,21.185185185185187,24.0,17.625
215021369,명원초등학교,강서구,공립,특별/광역시,부산광역시 강서구 명지국제6로 147(명지동. 명원초등학교),1324,58,84,22.8,15.8,240,False,True,False,179.0,8.0,226.0,9.0,222.0,10.0,241.0,10.0,244.0,10.0,239.0,11.0,1351.0,58.0,20250401,1351,58,13004,9.6,64,0,5,0,0,69,21.109375,19.579710144927535,22.82758620689655,15.761904761904763
215021215,명일초등학교,강서구,공립,특별/광역시,부산광역시 강서구 명지국제5로 170-5(명지동. 명일초등학교),873,41,58,21.3,15.1,240,False,True,False,154.0,8.0,148.0,7.0,169.0,8.0,135.0,6.0,149.0,6.0,133.0,6.0,888.0,41.0,20250401,888,41,13339,15.0,36,2,3,1,0,42,24.666666666666668,21.142857142857142,21.29268292682927,15.051724137931034
215021325,명지초등학교,강서구,공립,특별/광역시,부산광역시 강서구 명지국제6로 296. 명지초등학교 (명지동),1352,57,84,23.7,16.1,240,False,True,False,198.0,8.0,243.0,11.0,248.0,10.0,242.0,10.0,259.0,10.0,185.0,8.0,1375.0,57.0,20250401,1375,57,13304,9.7,56,2,2,0,0,60,24.553571428571427,22.916666666666668,23.719298245614034,16.095238095238095
215021267,명호초등학교,강서구,공립,특별/광역시,부산광역시 강서구 명지오션시티2로 41(명지동. 명호초등학교),1369,56,76,24.4,18.0,240,False,True,False,164.0,7.0,183.0,8.0,234.0,9.0,276.0,11.0,267.0,11.0,260.0,10.0,1384.0,56.0,20250401,1384,56,13200,9.5,64,0,3,0,0,67,21.625,20.65671641791045,24.446428571428573,18.013157894736842
215021370,배영초등학교,강서구,공립,특별/광역시,부산광역시 강서구 공항로339번길 260. 배영초등학교 (대저2동),39,7,13,5.6,3.0,240,True,True,True,1.0,1.0,7.0,2.0,4.0,1.0,4.0,1.0,10.0,1.0,11.0,1.0,37.0,7.0,20250401,37,7,5609,151.6,7,1,2,0,0,10,5.285714285714286,3.7,5.571428571428571,3.0
215021167,송정초등학교,강서구,공립,특별/광역시,부산광역시 강서구 신호사로 10(신호동),693,35,49,19.8,14.1,240,False,True,False,100.0,5.0,111.0,5.0,120.0,6.0,147.0,7.0,131.0,7.0,121.0,5.0,730.0,35.0,20250401,730,35,13915,19.1,36,2,6,0,0,44,20.27777777777778,16.59090909090909,19.8,14.142857142857142
215021166,신명초등학교,강서구,공립,특별/광역시,부산광역시 강서구 명지국제7로 178(명지동),1086,49,72,22.2,15.1,240,False,True,False,168.0,7.0,144.0,6.0,181.0,8.0,210.0,10.0,183.0,8.0,206.0,10.0,1092.0,49.0,20250401,1092,49,13928,12.8,51,1,2,1,0,55,21.41176470588235,19.854545454545455,22.163265306122447,15.083333333333334
215021469,신호초등학교,강서구,공립,특별/광역시,부산광역시 강서구 신호이로75번길 12(신호동),410,21,33,19.5,12.4,240,False,True,False,47.0,2.0,66.0,4.0,82.0,4.0,73.0,3.0,89.0,4.0,78.0,4.0,435.0,21.0,20250401,435,21,11992,27.6,34,2,7,0,4,47,12.794117647058824,9.25531914893617,19.523809523809526,12.424242424242424
215021114,오션초등학교,강서구,공립,특별/광역시,부산광역시 강서구 명지오션시티6로 72(명지동),1010,46,65,22.0,15.5,240,False,True,False,147.0,7.0,129.0,6.0,166.0,7.0,212.0,9.0,189.0,9.0,183.0,8.0,1026.0,46.0,20250401,1026,46,13000,12.7,48,0,6,0,0,54,21.375,19.0,21.956521739130434,15.538461538461538
215021523,천가초등학교,강서구,공립,특별/광역시,부산광역시 강서구 동선길 135(성북동),60,7,14,8.6,4.3,240,True,True,True,7.0,1.0,5.0,1.0,14.0,1.0,10.0,1.0,10.0,1.0,18.0,2.0,64.0,7.0,20250401,64,7,9233,144.3,7,0,4,0,1,12,9.142857142857142,5.333333333333333,8.571428571428571,4.285714285714286
214021127,공덕초등학교,금정구,공립,특별/광역시,부산광역시 금정구 대두로 2(두구동.공덕초등학교),42,7,15,6.0,2.8,240,True,True,True,4.0,2.0,5.0,1.0,11.0,1.0,14.0,1.0,7.0,1.0,4.0,1.0,45.0,7.0,20250401,45,7,8404,186.8,8,1,2,0,0,11,5.625,4.090909090909091,6.0,2.8
214021401,구서초등학교,금정구,공립,특별/광역시,부산광역시 금정구 구서중앙로 35(구서동) 구서초등학교,467,23,37,20.3,12.6,240,False,True,False,45.0,3.0,63.0,4.0,72.0,3.0,104.0,5.0,86.0,4.0,93.0,4.0,463.0,23.0,20250401,463,23,17704,38.2,23,4,10,0,4,41,20.130434782608695,11.292682926829269,20.304347826086957,12.621621621621621
214021180,금빛초등학교,금정구,공립,특별/광역시,부산광역시 금정구 소정로 31(장전동. 금빛초등학교),693,32,44,21.7,15.8,240,False,True,False,93.0,4.0,120.0,6.0,106.0,5.0,131.0,6.0,112.0,5.0,124.0,6.0,686.0,32.0,20250401,686,32,9900,14.4,32,2,3,0,0,37,21.4375,18.54054054054054,21.65625,15.75
214021172,금사초등학교,금정구,공립,특별/광역시,부산광역시 금정구 금사로57번길 24서동. 금사초등학교,268,16,21,16.8,12.8,240,False,True,False,41.0,3.0,38.0,2.0,41.0,2.0,60.0,3.0,38.0,2.0,62.0,4.0,280.0,16.0,20250401,280,16,10856,38.8,20,2,5,0,0,27,14.0,10.37037037037037,16.75,12.761904761904763
214021185,금샘초등학교,금정구,공립,특별/광역시,부산광역시 금정구 금샘로 525(남산동. 금샘초등학교),151,11,19,13.7,7.9,240,True,True,True,16.0,1.0,26.0,2.0,31.0,3.0,30.0,2.0,21.0,1.0,27.0,2.0,151.0,11.0,20250401,151,11,13569,89.9,15,2,11,5,8,41,10.066666666666666,3.682926829268293,13.727272727272727,7.947368421052632
214021181,금성초등학교,금정구,공립,특별/광역시,부산광역시 금정구 중리1길 15(금성동),43,7,15,6.1,2.9,240,True,True,True,2.0,1.0,10.0,1.0,2.0,2.0,11.0,1.0,4.0,1.0,10.0,1.0,39.0,7.0,20250401,39,7,7967,204.3,7,0,2,0,3,12,5.571428571428571,3.25,6.142857142857143,2.8666666666666667
214021195,금양초등학교,금정구,공립,특별/광역시,부산광역시 금정구 중앙대로 1755(부곡동),658,33,45,19.9,14.6,240,False,True,False,84.0,4.0,89.0,5.0,118.0,7.0,107.0,5.0,131.0,6.0,135.0,6.0,664.0,33.0,20250401,664,33,6626,10.0,36,1,4,0,1,42,18.444444444444443,15.80952380952381,19.939393939393938,14.622222222222222
214021190,금정초등학교,금정구,공립,특별/광역시,부산광역시 금정구 식물원로44번길 46.금정초등학교 (장전동. 금정초등학교.금정유치원),1298,54,71,24.0,18.3,240,False,True,False,227.0,10.0,206.0,8.0,216.0,9.0,241.0,10.0,211.0,8.0,199.0,9.0,1300.0,54.0,20250401,1300,54,38630,29.7,39,0,7,0,0,46,33.333333333333336,28.26086956521739,24.037037037037038,18.281690140845072
214021208,남산초등학교,금정구,공립,특별/광역시,부산광역시 금정구 금강로 614(남산동. 남산초등학교),358,18,28,19.9,12.8,240,False,True,False,36.0,2.0,48.0,2.0,59.0,3.0,58.0,3.0,82.0,4.0,75.0,4.0,358.0,18.0,20250401,358,18,11534,32.2,20,3,9,0,0,32,17.9,11.1875,19.88888888888889,12.785714285714286
214021253,동상초등학교,금정구,공립,특별/광역시,부산광역시 금정구 옥봉로 5(서동. 동상초등학교),100,7,12,14.3,8.3,240,True,True,True,10.0,1.0,16.0,1.0,15.0,2.0,20.0,1.0,20.0,1.0,19.0,1.0,100.0,7.0,20250401,100,7,12405,124.1,11,3,4,0,10,28,9.090909090909092,3.5714285714285716,14.285714285714286,8.333333333333334
214021262,동현초등학교,금정구,공립,특별/광역시,부산광역시 금정구 동현로 36(부곡동. 동현초등학교),289,16,24,18.1,12.0,240,False,True,False,41.0,2.0,44.0,3.0,54.0,3.0,40.0,2.0,57.0,3.0,53.0,3.0,289.0,16.0,20250401,289,16,16130,55.8,19,4,6,0,4,33,15.210526315789474,8.757575757575758,18.0625,12.041666666666666
214021543,두실초등학교,금정구,공립,특별/광역시,부산광역시 금정구 중앙대로1893번길 33(구서동. 두실초등학교),759,32,48,23.7,15.8,240,False,True,False,88.0,4.0,132.0,5.0,132.0,5.0,132.0,6.0,129.0,6.0,147.0,6.0,760.0,32.0,20250401,760,32,9623,12.7,32,5,14,0,0,51,23.75,14.901960784313726,23.71875,15.8125
214021316,부곡초등학교,금정구,공립,특별/광역시,부산광역시 금정구 기찰로22번길 15(부곡동),445,21,31,21.2,14.4,240,False,True,False,64.0,3.0,75.0,4.0,72.0,4.0,81.0,4.0,73.0,3.0,73.0,3.0,438.0,21.0,20250401,438,21,17289,39.5,27,4,6,0,0,37,16.22222222222222,11.837837837837839,21.19047619047619,14.35483870967742
214021024,서동초등학교,금정구,공립,특별/광역시,부산광역시 금정구 동현로 147(서동. 서동초등학교),62,7,14,8.9,4.4,240,True,True,True,7.0,1.0,16.0,2.0,7.0,1.0,12.0,1.0,14.0,1.0,7.0,1.0,63.0,7.0,20250401,63,7,21342,338.8,7,8,6,0,2,23,9.0,2.739130434782609,8.857142857142858,4.428571428571429
214021352,서명초등학교,금정구,공립,특별/광역시,부산광역시 금정구 명서로 48(서동),36,7,14,5.1,2.6,240,True,True,True,3.0,1.0,4.0,1.0,9.0,2.0,9.0,1.0,2.0,1.0,10.0,1.0,37.0,7.0,20250401,37,7,11917,322.1,10,2,6,0,1,19,3.7,1.9473684210526316,5.142857142857143,2.5714285714285716
214021478,장서초등학교,금정구,공립,특별/광역시,부산광역시 금정구 금강로 453번길 26-7. 장서초등학교 (구서동),571,26,39,22.0,14.6,240,False,True,False,62.0,3.0,87.0,4.0,91.0,5.0,118.0,5.0,111.0,5.0,98.0,4.0,567.0,26.0,20250401,567,26,11587,20.4,26,1,6,0,6,39,21.807692307692307,14.538461538461538,21.96153846153846,14.64102564102564
214021487,장전초등학교,금정구,공립,특별/광역시,부산광역시 금정구 수림로 90(장전동. 장전초등학교),428,22,33,19.5,13.0,240,False,True,False,47.0,3.0,49.0,2.0,70.0,3.0,97.0,5.0,70.0,4.0,93.0,5.0,426.0,22.0,20250401,426,22,12508,29.4,30,3,6,0,15,54,14.2,7.888888888888889,19.454545454545453,12.969696969696969
214021505,청룡초등학교,금정구,공립,특별/광역시,부산광역시 금정구 팔송로 6(청룡동. 청룡초등학교),389,21,35,18.5,11.1,240,False,True,False,39.0,2.0,52.0,3.0,60.0,4.0,75.0,3.0,74.0,4.0,87.0,5.0,387.0,21.0,20250401,387,21,12174,31.5,24,2,6,0,0,32,16.125,12.09375,18.523809523809526,11.114285714285714
214021532,현곡초등학교,금정구,공립,특별/광역시,부산광역시 금정구 동부곡로27번라길 20(부곡동. 현곡초등학교),86,7,13,12.3,6.6,240,True,True,True,14.0,2.0,10.0,1.0,13.0,1.0,20.0,1.0,14.0,1.0,15.0,1.0,86.0,7.0,20250401,86,7,14551,169.2,7,1,2,0,1,11,12.285714285714286,7.818181818181818,12.285714285714286,6.615384615384615
216021131,가동초등학교,기장군,공립,읍지역,부산광역시 기장군 정관읍 정관5로 100(정관읍),918,41,64,22.4,14.3,120,False,True,False,116.0,6.0,128.0,5.0,137.0,6.0,164.0,7.0,189.0,8.0,187.0,9.0,921.0,41.0,20250401,921,41,13790,15.0,39,1,7,0,4,51,23.615384615384617,18.058823529411764,22.390243902439025,14.34375
216021216,교리초등학교,기장군,공립,읍지역,부산광역시 기장군 기장읍 차성로 427.교리초등학교(기장읍. 교리초등학교),529,25,44,21.2,12.0,120,False,True,False,67.0,3.0,82.0,4.0,94.0,4.0,86.0,4.0,113.0,6.0,90.0,4.0,532.0,25.0,20250401,532,25,13350,25.1,35,0,10,0,6,51,15.2,10.431372549019608,21.16,12.022727272727273
216021148,기장초등학교,기장군,공립,읍지역,부산광역시 기장군 기장읍 읍내로 69(기장읍. 기장초등학교),460,23,35,20.0,13.1,120,False,True,False,63.0,3.0,63.0,3.0,85.0,5.0,79.0,4.0,71.0,3.0,93.0,5.0,454.0,23.0,20250401,454,23,18863,41.5,34,4,11,0,2,51,13.352941176470589,8.901960784313726,20.0,13.142857142857142
216021241,내리초등학교,기장군,공립,읍지역,부산광역시 기장군 기장읍 소정안길 50(기장읍.내리초등학교),124,10,19,12.4,6.5,120,False,True,False,18.0,1.0,20.0,1.0,27.0,2.0,23.0,2.0,28.0,3.0,14.0,1.0,130.0,10.0,20250401,130,10,10771,82.9,10,0,4,0,8,22,13.0,5.909090909090909,12.4,6.526315789473684
216021718,달산초등학교,기장군,공립,읍지역,부산광역시 기장군 정관읍 정관로 674. 달산초등학교 (정관읍),547,26,44,21.0,12.4,120,False,True,False,59.0,3.0,84.0,4.0,99.0,5.0,108.0,5.0,105.0,4.0,103.0,5.0,558.0,26.0,20250401,558,26,13636,24.4,28,0,2,0,0,30,19.928571428571427,18.6,21.03846153846154,12.431818181818182
216021178,대청초등학교,기장군,공립,읍지역,부산광역시 기장군 기장읍 차성서로 31대청초등학교,472,23,35,20.5,13.5,120,False,True,False,78.0,4.0,71.0,4.0,79.0,4.0,77.0,3.0,79.0,4.0,85.0,4.0,469.0,23.0,20250401,469,23,13207,28.2,26,3,12,0,7,48,18.03846153846154,9.770833333333334,20.52173913043478,13.485714285714286
216021880,모전초등학교,기장군,공립,읍지역,부산광역시 기장군 정관읍 정관1로 17. 모전초등학교 (정관읍),1466,60,86,24.4,17.0,120,False,True,False,172.0,7.0,197.0,8.0,269.0,11.0,270.0,11.0,294.0,12.0,270.0,11.0,1472.0,60.0,20250401,1472,60,16949,11.5,60,4,3,0,0,67,24.533333333333335,21.970149253731343,24.433333333333334,17.046511627906977
216021115,방곡초등학교,기장군,공립,읍지역,부산광역시 기장군 정관읍 정관덕산길 61(정관읍),960,42,61,22.9,15.7,120,False,True,False,112.0,5.0,129.0,6.0,157.0,6.0,196.0,8.0,194.0,8.0,172.0,9.0,960.0,42.0,20250401,960,42,14202,14.8,49,3,4,0,0,56,19.591836734693878,17.142857142857142,22.857142857142858,15.737704918032787
216021242,신정초등학교,기장군,공립,읍지역,부산광역시 기장군 정관읍 정관로 460(정관읍. 신정초등학교),655,31,41,21.1,16.0,120,False,True,False,82.0,5.0,84.0,4.0,111.0,6.0,137.0,6.0,129.0,5.0,119.0,5.0,662.0,31.0,20250401,662,31,13648,20.6,32,0,11,0,5,48,20.6875,13.791666666666666,21.129032258064516,15.975609756097562
216021340,신진초등학교,기장군,공립,면지역,부산광역시 기장군 철마면 고촌로28번길 10(철마면. 신진초등학교),151,11,18,13.7,8.4,120,False,True,False,19.0,2.0,21.0,1.0,32.0,2.0,26.0,2.0,32.0,2.0,26.0,2.0,156.0,11.0,20250401,156,11,13654,87.5,14,0,9,0,2,25,11.142857142857142,6.24,13.727272727272727,8.38888888888889
216021172,용암초등학교,기장군,공립,읍지역,부산광역시 기장군 기장읍 기장해안로 577. 용암초등학교 (기장읍),68,7,14,9.7,4.9,120,True,True,True,7.0,1.0,17.0,1.0,12.0,1.0,10.0,2.0,11.0,1.0,13.0,1.0,70.0,7.0,20250401,70,7,8975,128.2,8,0,2,0,2,12,8.75,5.833333333333333,9.714285714285714,4.857142857142857
216021376,월내초등학교,기장군,공립,읍지역,부산광역시 기장군 장안읍 길천2길 25(장안읍. 월내초등학교),150,11,16,13.6,9.4,120,False,True,False,25.0,2.0,21.0,1.0,26.0,2.0,28.0,2.0,29.0,2.0,27.0,2.0,156.0,11.0,20250401,156,11,10841,69.5,12,3,6,1,2,24,13.0,6.5,13.636363636363637,9.375
216021388,월평초등학교,기장군,공립,읍지역,부산광역시 기장군 정관읍 월평1길 21(정관읍. 월평초등학교),53,7,14,7.6,3.8,120,True,True,True,10.0,2.0,11.0,1.0,7.0,1.0,9.0,1.0,7.0,1.0,11.0,1.0,55.0,7.0,20250401,55,7,9622,174.9,8,0,3,0,0,11,6.875,5.0,7.571428571428571,3.7857142857142856
216021367,일광초등학교,기장군,공립,읍지역,부산광역시 기장군 일광읍 해빛로 46(일광읍),1023,43,68,23.8,15.0,120,False,True,False,148.0,7.0,183.0,7.0,170.0,7.0,190.0,8.0,171.0,7.0,170.0,7.0,1032.0,43.0,20250401,1032,43,13912,13.5,43,4,6,0,2,55,24.0,18.763636363636362,23.790697674418606,15.044117647058824
216021424,장안초등학교,기장군,공립,읍지역,부산광역시 기장군 장안읍 장안로 67-4(장안읍.장안초등학교),58,6,14,9.7,4.1,120,True,True,True,4.0,1.0,12.0,1.0,13.0,1.0,9.0,1.0,10.0,1.0,10.0,1.0,58.0,6.0,20250401,58,6,7448,128.4,7,0,4,0,1,12,8.285714285714286,4.833333333333333,9.666666666666666,4.142857142857143
216021448,정관초등학교,기장군,공립,읍지역,부산광역시 기장군 정관읍 정관로 530. 정관초등학교 (정관읍),1237,50,74,24.7,16.7,120,False,True,False,164.0,8.0,175.0,7.0,226.0,9.0,213.0,8.0,236.0,9.0,219.0,9.0,1233.0,50.0,20250401,1233,50,13718,11.1,50,0,5,0,5,60,24.66,20.55,24.74,16.716216216216218
216021717,정원초등학교,기장군,공립,읍지역,부산광역시 기장군 정관읍 정관로 423. 정원초등학교 (정관읍),1000,44,68,22.7,14.7,120,False,True,False,112.0,6.0,129.0,6.0,166.0,8.0,188.0,7.0,192.0,8.0,215.0,9.0,1002.0,44.0,20250401,1002,44,13545,13.5,44,3,6,0,2,55,22.772727272727273,18.21818181818182,22.727272727272727,14.705882352941176
216021484,좌천초등학교,기장군,공립,읍지역,부산광역시 기장군 장안읍 좌천로 13-66. 좌천초등학교 (장안읍),37,7,14,5.3,2.6,120,True,True,True,0.0,1.0,8.0,1.0,13.0,2.0,7.0,1.0,8.0,1.0,3.0,1.0,39.0,7.0,20250401,39,7,13112,336.2,10,0,2,0,0,12,3.9,3.25,5.285714285714286,2.642857142857143
216021496,죽성초등학교,기장군,공립,읍지역,부산광역시 기장군 기장읍 죽성로 270(기장읍. 죽성초등학교),71,7,12,10.1,5.9,120,True,True,True,10.0,1.0,11.0,1.0,14.0,1.0,12.0,1.0,22.0,2.0,4.0,1.0,73.0,7.0,20250401,73,7,8033,110.0,6,0,2,1,2,11,12.166666666666666,6.636363636363637,10.142857142857142,5.916666666666667
216021508,철마초등학교,기장군,공립,면지역,부산광역시 기장군 철마면 철마로 493(철마면. 철마초등학교),83,6,13,13.8,6.4,120,True,True,True,12.0,1.0,15.0,1.0,15.0,1.0,14.0,1.0,15.0,1.0,13.0,1.0,84.0,6.0,20250401,84,6,6963,82.9,6,0,2,0,4,12,14.0,7.0,13.833333333333334,6.384615384615385
216021520,칠암초등학교,기장군,공립,읍지역,부산광역시 기장군 일광읍 박영준길 19(일광읍. 칠암초등학교),55,7,13,7.9,4.2,120,True,True,True,12.0,2.0,10.0,1.0,11.0,1.0,9.0,1.0,10.0,1.0,7.0,1.0,59.0,7.0,20250401,59,7,11329,192.0,8,0,4,0,0,12,7.375,4.916666666666667,7.857142857142857,4.230769230769231
216021310,해빛초등학교,기장군,공립,읍지역,부산광역시 기장군 일광면 해빛6로 9. 해빛초등학교 (일광면),1062,43,62,24.7,17.1,120,False,True,False,194.0,9.0,159.0,6.0,202.0,8.0,190.0,7.0,181.0,7.0,142.0,6.0,1068.0,43.0,20250401,1068,43,11719,11.0,44,0,4,0,0,48,24.272727272727273,22.25,24.697674418604652,17.129032258064516
213021238,대남초등학교,남구,공립,특별/광역시,부산광역시 남구 황령대로 343번길 9-55(대연동. 대남초등학교),295,16,22,18.4,13.4,240,False,True,False,48.0,3.0,68.0,4.0,39.0,2.0,64.0,3.0,41.0,2.0,41.0,2.0,301.0,16.0,20250401,301,16,10863,36.1,17,0,5,0,0,22,17.705882352941178,13.681818181818182,18.4375,13.409090909090908
213021150,대연초등학교,남구,공립,특별/광역시,부산광역시 남구 진남로18번길 11(대연동. 대연초등학교),784,36,53,21.8,14.8,240,False,True,False,86.0,4.0,110.0,6.0,126.0,5.0,131.0,6.0,160.0,8.0,157.0,7.0,770.0,36.0,20250401,770,36,9709,12.6,36,2,6,0,6,50,21.38888888888889,15.4,21.77777777777778,14.79245283018868
213021160,대천초등학교,남구,공립,특별/광역시,부산광역시 남구 조각공원로 19(대연동. 대천초등학교),516,26,43,19.8,12.0,240,False,True,False,49.0,3.0,74.0,3.0,85.0,4.0,106.0,6.0,86.0,4.0,110.0,6.0,510.0,26.0,20250401,510,26,10608,20.8,27,3,3,0,0,33,18.88888888888889,15.454545454545455,19.846153846153847,12.0
213021180,동천초등학교,남구,공립,특별/광역시,부산광역시 남구 석포로26번길 22. 동천초등학교 (감만동. 동천초등학교),260,13,22,20.0,11.8,240,False,True,False,24.0,1.0,39.0,3.0,47.0,2.0,52.0,2.0,44.0,2.0,59.0,3.0,265.0,13.0,20250401,265,13,8457,31.9,16,0,9,0,3,28,16.5625,9.464285714285714,20.0,11.818181818181818
213021190,동항초등학교,남구,공립,특별/광역시,부산광역시 남구 우암로 42(감만동) 동항초등학교,127,9,16,14.1,7.9,240,True,True,True,14.0,1.0,24.0,2.0,9.0,1.0,32.0,2.0,17.0,1.0,32.0,2.0,128.0,9.0,20250401,128,9,11951,93.4,23,3,12,0,1,39,5.565217391304348,3.282051282051282,14.11111111111111,7.9375
213021210,문현초등학교,남구,공립,특별/광역시,부산광역시 남구 고동골로 86-13(문현동. 문현초등학교),485,27,39,18.0,12.4,240,False,True,False,63.0,3.0,81.0,5.0,73.0,4.0,101.0,6.0,95.0,5.0,79.0,4.0,492.0,27.0,20250401,492,27,14133,28.7,31,3,8,0,0,42,15.870967741935484,11.714285714285714,17.962962962962962,12.435897435897436
213021089,백운초등학교,남구,공립,특별/광역시,부산광역시 남구 동명로 76(용호동. 백운초등학교),152,11,19,13.8,8.0,240,True,True,True,16.0,1.0,21.0,2.0,26.0,2.0,18.0,1.0,36.0,3.0,40.0,2.0,157.0,11.0,20250401,157,11,19794,126.1,21,0,8,0,0,29,7.476190476190476,5.413793103448276,13.818181818181818,8.0
213021289,분포초등학교,남구,공립,특별/광역시,부산광역시 남구 분포로 41(용호동. 분포초등학교),965,41,61,23.5,15.8,240,False,True,False,105.0,5.0,138.0,6.0,157.0,7.0,178.0,8.0,194.0,8.0,186.0,7.0,958.0,41.0,20250401,958,41,6354,6.6,43,0,15,0,3,61,22.27906976744186,15.704918032786885,23.536585365853657,15.819672131147541
213021290,석포초등학교,남구,공립,특별/광역시,부산광역시 남구 석포로86번길 76(대연동. 석포초등학교),651,32,45,20.3,14.5,240,False,True,False,112.0,5.0,111.0,5.0,94.0,5.0,124.0,5.0,130.0,6.0,95.0,6.0,666.0,32.0,20250401,666,32,10985,16.5,18,0,4,0,8,30,37.0,22.2,20.34375,14.466666666666667
213021300,성동초등학교,남구,공립,특별/광역시,부산광역시 남구 전포대로68번길 27. 성동초등학교 (문현동),753,35,51,21.5,14.8,240,False,True,False,84.0,4.0,115.0,6.0,140.0,6.0,131.0,6.0,137.0,6.0,155.0,7.0,762.0,35.0,20250401,762,35,16243,21.3,41,0,8,0,17,66,18.585365853658537,11.545454545454545,21.514285714285716,14.764705882352942
213021213,성천초등학교,남구,공립,특별/광역시,부산광역시 남구 장고개로 64-41(우암동),122,10,19,12.2,6.4,240,True,True,True,19.0,1.0,25.0,2.0,27.0,2.0,22.0,2.0,14.0,2.0,17.0,1.0,124.0,10.0,20250401,124,10,14820,119.5,8,1,4,0,0,13,15.5,9.538461538461538,12.2,6.421052631578948
213021370,연포초등학교,남구,공립,특별/광역시,부산광역시 남구 못골로 17. 연포초등학교 (대연동),1226,52,72,23.6,17.0,240,False,True,False,166.0,7.0,190.0,8.0,220.0,9.0,223.0,10.0,219.0,9.0,209.0,9.0,1227.0,52.0,20250401,1227,52,12229,10.0,57,3,4,0,0,64,21.526315789473685,19.171875,23.576923076923077,17.02777777777778
213021360,오륙도초등학교,남구,공립,특별/광역시,부산광역시 남구 오륙도로 57(용호동. 오륙도초등학교),467,22,32,21.2,14.6,240,False,True,False,60.0,3.0,67.0,3.0,88.0,4.0,88.0,4.0,81.0,4.0,84.0,4.0,468.0,22.0,20250401,468,22,13439,28.7,22,1,5,0,0,28,21.272727272727273,16.714285714285715,21.227272727272727,14.59375
213021380,용당초등학교,남구,공립,특별/광역시,부산광역시 남구 신선로 341(용당동),86,9,16,9.6,5.4,240,True,True,True,4.0,1.0,10.0,1.0,12.0,1.0,19.0,1.0,10.0,1.0,34.0,4.0,89.0,9.0,20250401,89,9,6420,72.1,9,3,2,0,0,14,9.88888888888889,6.357142857142857,9.555555555555555,5.375
213021385,용문초등학교,남구,공립,특별/광역시,부산광역시 남구 신선로 542(용호동. 용문초등학교),843,36,57,23.4,14.8,240,False,True,False,108.0,5.0,118.0,5.0,136.0,6.0,173.0,7.0,149.0,6.0,157.0,7.0,841.0,36.0,20250401,841,36,6062,7.2,36,0,11,0,14,61,23.36111111111111,13.78688524590164,23.416666666666668,14.789473684210526
213021390,용산초등학교,남구,공립,특별/광역시,부산광역시 남구 동명로 176번길 55(용호동),276,16,30,17.3,9.2,240,False,True,False,25.0,2.0,45.0,3.0,40.0,2.0,57.0,3.0,51.0,3.0,55.0,3.0,273.0,16.0,20250401,273,16,12506,45.8,25,0,13,0,15,53,10.92,5.150943396226415,17.25,9.2
213021711,용소초등학교,남구,공립,특별/광역시,부산광역시 남구 수영로325번길 114(대연동),1103,43,64,25.7,17.2,240,False,True,False,144.0,7.0,151.0,6.0,197.0,7.0,191.0,7.0,212.0,8.0,207.0,8.0,1102.0,43.0,20250401,1102,43,8546,7.8,42,0,1,0,16,59,26.238095238095237,18.677966101694917,25.651162790697676,17.234375
213021400,용호초등학교,남구,공립,특별/광역시,부산광역시 남구 용호로42번길 94(용호동),395,20,31,19.8,12.7,240,False,True,False,46.0,3.0,61.0,4.0,65.0,3.0,76.0,3.0,81.0,4.0,65.0,3.0,394.0,20.0,20250401,394,20,18369,46.6,31,3,10,0,4,48,12.709677419354838,8.208333333333334,19.75,12.741935483870968
213021410,우암초등학교,남구,공립,특별/광역시,부산광역시 남구 우암로 190-19(우암동. 우암초등학교),267,15,24,17.8,11.1,240,False,True,False,35.0,2.0,45.0,3.0,38.0,2.0,49.0,2.0,52.0,3.0,52.0,3.0,271.0,15.0,20250401,271,15,6122,22.6,17,4,8,0,4,33,15.941176470588236,8.212121212121213,17.8,11.125
213021430,운산초등학교,남구,공립,특별/광역시,부산광역시 남구 용호로269번길 89(용호동. 운산초등학교),454,23,33,19.7,13.8,240,False,True,False,65.0,3.0,90.0,5.0,74.0,4.0,76.0,3.0,76.0,4.0,73.0,4.0,454.0,23.0,20250401,454,23,11378,25.1,23,2,5,0,0,30,19.73913043478261,15.133333333333333,19.73913043478261,13.757575757575758
213021175,동일중앙초등학교,동구,공립,특별/광역시,부산광역시 동구 구봉로 46(수정동.동일중앙초등학교),898,40,54,22.5,16.6,240,False,True,False,110.0,5.0,144.0,6.0,155.0,8.0,167.0,7.0,144.0,7.0,177.0,7.0,897.0,40.0,20250401,897,40,13559,15.1,35,4,5,0,6,50,25.62857142857143,17.94,22.45,16.62962962962963
213021283,범일초등학교,동구,공립,특별/광역시,부산광역시 동구 증산서로 55(범일동. 범일초등학교),181,13,19,13.9,9.5,240,True,True,True,19.0,1.0,32.0,3.0,29.0,2.0,32.0,2.0,37.0,3.0,36.0,2.0,185.0,13.0,20250401,185,13,5134,27.8,17,3,6,0,6,32,10.882352941176471,5.78125,13.923076923076923,9.526315789473685
213021295,성남초등학교,동구,공립,특별/광역시,부산광역시 동구 범일로53번길 14(범일동.성남초등학교),567,28,44,20.3,12.9,240,False,True,False,99.0,5.0,103.0,5.0,103.0,6.0,89.0,4.0,100.0,4.0,75.0,4.0,569.0,28.0,20250401,569,28,8815,15.5,42,0,6,0,0,48,13.547619047619047,11.854166666666666,20.25,12.886363636363637
213021335,수성초등학교,동구,공립,특별/광역시,부산광역시 동구 망양로 807. 수성초등학교 (수정동. 수성초등학교),124,9,15,13.8,8.3,240,True,True,True,14.0,1.0,15.0,1.0,23.0,1.0,17.0,1.0,27.0,2.0,29.0,3.0,125.0,9.0,20250401,125,9,8271,66.2,17,2,24,0,0,43,7.352941176470588,2.9069767441860463,13.777777777777779,8.266666666666667
213021345,수정초등학교,동구,공립,특별/광역시,부산광역시 동구 진성로 29(수정동.수정초등학교),335,18,24,18.6,14.0,240,False,True,False,29.0,2.0,65.0,4.0,58.0,3.0,65.0,3.0,49.0,3.0,71.0,3.0,337.0,18.0,20250401,337,18,10707,31.8,18,0,7,0,2,27,18.72222222222222,12.481481481481481,18.61111111111111,13.958333333333334
213021058,초량초등학교,동구,공립,특별/광역시,부산광역시 동구 초량상로 49(초량동. 초량초등학교),185,13,21,14.2,8.8,240,True,True,True,13.0,1.0,25.0,2.0,33.0,2.0,30.0,3.0,57.0,3.0,31.0,2.0,189.0,13.0,20250401,189,13,12511,66.2,16,0,3,0,11,30,11.8125,6.3,14.23076923076923,8.80952380952381
214021145,교동초등학교,동래구,공립,특별/광역시,부산광역시 동래구 시실로 73-13(명륜동),862,37,54,23.3,16.0,240,False,True,False,122.0,5.0,130.0,6.0,133.0,7.0,164.0,7.0,147.0,6.0,162.0,6.0,858.0,37.0,20250401,858,37,22621,26.4,38,2,11,10,28,89,22.57894736842105,9.640449438202246,23.2972972972973,15.962962962962964
214021163,금강초등학교,동래구,공립,특별/광역시,부산광역시 동래구 사직북로28번길 125(온천동.금강초등학교),757,35,49,21.6,15.4,240,False,True,False,122.0,6.0,128.0,6.0,125.0,5.0,133.0,7.0,129.0,6.0,118.0,5.0,755.0,35.0,20250401,755,35,16200,21.5,42,2,5,0,0,49,17.976190476190474,15.408163265306122,21.62857142857143,15.448979591836734
214021199,낙민초등학교,동래구,공립,특별/광역시,부산광역시 동래구 충렬대로272번길 34(낙민동.낙민초등학교),589,28,39,21.0,15.1,240,False,True,False,83.0,5.0,80.0,4.0,105.0,5.0,144.0,6.0,85.0,4.0,100.0,4.0,597.0,28.0,20250401,597,28,14522,24.3,31,0,5,0,0,36,19.258064516129032,16.583333333333332,21.035714285714285,15.102564102564102
214021217,내산초등학교,동래구,공립,특별/광역시,부산광역시 동래구 중앙대로1335번길 38(온천동. 내산초등학교),215,13,22,16.5,9.8,240,True,True,True,16.0,1.0,27.0,2.0,38.0,2.0,40.0,2.0,42.0,2.0,52.0,4.0,215.0,13.0,20250401,215,13,8133,37.8,15,2,4,0,0,21,14.333333333333334,10.238095238095237,16.53846153846154,9.772727272727273
214021226,내성초등학교,동래구,공립,특별/광역시,부산광역시 동래구 동래로 173(복천동) 내성초등학교,107,9,17,11.9,6.3,240,True,True,True,10.0,1.0,11.0,1.0,14.0,1.0,25.0,2.0,19.0,1.0,31.0,3.0,110.0,9.0,20250401,110,9,15273,138.8,25,4,20,0,4,53,4.4,2.0754716981132075,11.88888888888889,6.294117647058823
214021235,달북초등학교,동래구,공립,특별/광역시,부산광역시 동래구 쇠미로 131(온천동.달북초등학교),513,25,38,20.5,13.5,240,False,True,False,61.0,3.0,88.0,5.0,95.0,4.0,101.0,5.0,82.0,4.0,94.0,4.0,521.0,25.0,20250401,521,25,10583,20.3,25,2,2,0,2,31,20.84,16.806451612903224,20.52,13.5
214021271,명동초등학교,동래구,공립,특별/광역시,부산광역시 동래구 명장로63번길 60-5(명장동. 명동초등학교),454,23,34,19.7,13.4,240,False,True,False,49.0,2.0,78.0,4.0,83.0,4.0,97.0,5.0,81.0,4.0,81.0,4.0,469.0,23.0,20250401,469,23,12080,25.8,31,0,2,1,0,34,15.129032258064516,13.794117647058824,19.73913043478261,13.352941176470589
214021280,명륜초등학교,동래구,공립,특별/광역시,부산광역시 동래구 동래로 91(명륜동.명륜초등학교),1110,44,59,25.2,18.8,240,False,True,False,127.0,5.0,161.0,7.0,187.0,7.0,218.0,9.0,203.0,8.0,197.0,8.0,1093.0,44.0,20250401,1093,44,12883,11.8,44,2,3,0,4,53,24.84090909090909,20.62264150943396,25.227272727272727,18.8135593220339
214021289,명서초등학교,동래구,공립,특별/광역시,부산광역시 동래구 명서로 121. 명서초등학교(명장동),94,7,13,13.4,7.2,240,True,True,True,11.0,1.0,17.0,2.0,12.0,1.0,13.0,1.0,25.0,1.0,17.0,1.0,95.0,7.0,20250401,95,7,7423,78.1,7,3,6,0,0,16,13.571428571428571,5.9375,13.428571428571429,7.230769230769231
214021298,명장초등학교,동래구,공립,특별/광역시,부산광역시 동래구 복천로 121(명장동. 명장초등학교),339,18,29,18.8,11.7,240,False,True,False,44.0,2.0,57.0,3.0,72.0,3.0,61.0,4.0,59.0,3.0,56.0,3.0,349.0,18.0,20250401,349,18,15113,43.3,18,3,5,0,1,27,19.38888888888889,12.925925925925926,18.833333333333332,11.689655172413794
214021214,미남초등학교,동래구,공립,특별/광역시,부산광역시 동래구 충렬대로100번길 83(온천동. 미남초등학교),266,15,24,17.7,11.1,240,False,True,False,39.0,3.0,33.0,2.0,46.0,2.0,49.0,3.0,47.0,2.0,53.0,3.0,267.0,15.0,20250401,267,15,6255,23.4,17,5,4,0,0,26,15.705882352941176,10.26923076923077,17.733333333333334,11.083333333333334
214021325,사직초등학교,동래구,공립,특별/광역시,부산광역시 동래구 쇠미로81번길 7(사직동. 사직초등학교),951,40,61,23.8,15.6,240,False,True,False,114.0,5.0,118.0,5.0,146.0,7.0,181.0,7.0,190.0,8.0,185.0,8.0,934.0,40.0,20250401,934,40,17204,18.4,43,0,9,1,0,53,21.72093023255814,17.62264150943396,23.775,15.59016393442623
214021361,수안초등학교,동래구,공립,특별/광역시,부산광역시 동래구 온천천로 215(수안동. 수안초등학교),166,12,16,13.8,10.4,240,True,True,True,10.0,1.0,26.0,2.0,32.0,3.0,33.0,2.0,36.0,2.0,30.0,2.0,167.0,12.0,20250401,167,12,4451,26.7,12,2,2,0,1,17,13.916666666666666,9.823529411764707,13.833333333333334,10.375
214021370,안남초등학교,동래구,공립,특별/광역시,부산광역시 동래구 연안로 46(안락동. 안남초등학교),732,32,44,22.9,16.6,240,False,True,False,86.0,4.0,109.0,5.0,119.0,5.0,135.0,6.0,135.0,6.0,148.0,6.0,732.0,32.0,20250401,732,32,9199,12.6,32,3,4,0,0,39,22.875,18.76923076923077,22.875,16.636363636363637
214021379,안락초등학교,동래구,공립,특별/광역시,부산광역시 동래구 명안로53번길 22(명장동. 안락초등학교),187,12,21,15.6,8.9,240,True,True,True,24.0,2.0,21.0,1.0,34.0,2.0,34.0,2.0,31.0,2.0,41.0,3.0,185.0,12.0,20250401,185,12,9896,53.5,17,3,3,0,1,24,10.882352941176471,7.708333333333333,15.583333333333334,8.904761904761905
214021384,안민초등학교,동래구,공립,특별/광역시,부산광역시 동래구 온천천로381번길 19(낙민동.안민초등학교),615,28,38,22.0,16.2,240,False,True,False,84.0,4.0,91.0,5.0,98.0,4.0,120.0,5.0,126.0,6.0,98.0,4.0,617.0,28.0,20250401,617,28,12889,20.9,28,7,8,1,3,47,22.035714285714285,13.127659574468085,21.964285714285715,16.18421052631579
214021542,안진초등학교,동래구,공립,특별/광역시,부산광역시 동래구 안남로 63(안락동. 안진초등학교),394,18,26,21.9,15.2,240,False,True,False,66.0,4.0,46.0,2.0,64.0,3.0,78.0,3.0,81.0,3.0,62.0,3.0,397.0,18.0,20250401,397,18,11229,28.3,21,2,7,0,0,30,18.904761904761905,13.233333333333333,21.88888888888889,15.153846153846153
214021388,여고초등학교,동래구,공립,특별/광역시,부산광역시 동래구 여고로63번가길 12(사직동. 여고초등학교),1038,37,53,28.1,19.6,240,False,True,False,105.0,4.0,146.0,6.0,147.0,5.0,193.0,7.0,209.0,8.0,204.0,7.0,1004.0,37.0,20250401,1004,37,5549,5.5,37,0,4,0,0,41,27.135135135135137,24.48780487804878,28.054054054054053,19.58490566037736
214021249,예원초등학교,동래구,공립,특별/광역시,부산광역시 동래구 사직로 78(사직동. 예원초등학교),878,35,49,25.1,17.9,240,False,True,False,115.0,5.0,115.0,6.0,154.0,6.0,164.0,6.0,162.0,6.0,165.0,6.0,875.0,35.0,20250401,875,35,7483,8.6,35,2,6,0,0,43,25.0,20.348837209302324,25.085714285714285,17.918367346938776
214021619,온샘초등학교,동래구,공립,특별/광역시,부산광역시 동래구 충렬대로75번길 25(온천동),1380,57,80,24.2,17.3,240,False,True,False,238.0,10.0,251.0,11.0,259.0,10.0,242.0,10.0,203.0,9.0,182.0,7.0,1375.0,57.0,20250401,1375,57,10228,7.4,57,0,5,0,0,62,24.12280701754386,22.177419354838708,24.210526315789473,17.25
214021469,온천초등학교,동래구,공립,특별/광역시,부산광역시 동래구 충렬대로107번길 124(온천동. 온천초등학교),1064,46,66,23.1,16.1,240,False,True,False,160.0,8.0,164.0,7.0,203.0,9.0,155.0,7.0,199.0,8.0,170.0,7.0,1051.0,46.0,20250401,1051,46,12699,12.1,43,2,3,0,0,48,24.441860465116278,21.895833333333332,23.130434782608695,16.12121212121212
214021514,충렬초등학교,동래구,공립,특별/광역시,부산광역시 동래구 안락로125번길 22(안락동. 충렬초등학교),94,7,13,13.4,7.2,240,True,True,True,8.0,1.0,16.0,2.0,16.0,1.0,19.0,1.0,24.0,1.0,18.0,1.0,101.0,7.0,20250401,101,7,10168,100.7,7,2,4,0,4,17,14.428571428571429,5.9411764705882355,13.428571428571429,7.230769230769231
213021106,가남초등학교,부산진구,공립,특별/광역시,부산광역시 부산진구 엄광로 325(가야동),53,7,13,7.6,4.1,240,True,True,True,5.0,1.0,7.0,1.0,15.0,2.0,13.0,1.0,8.0,1.0,6.0,1.0,54.0,7.0,20250401,54,7,2747,50.9,7,0,5,0,4,16,7.714285714285714,3.375,7.571428571428571,4.076923076923077
213021124,가야초등학교,부산진구,공립,특별/광역시,부산광역시 부산진구 대학로 22(가야동. 가야초등학교),961,44,65,21.8,14.8,240,False,True,False,141.0,7.0,141.0,7.0,185.0,8.0,159.0,7.0,182.0,8.0,156.0,7.0,964.0,44.0,20250401,964,44,16785,17.4,44,4,4,1,1,54,21.90909090909091,17.85185185185185,21.84090909090909,14.784615384615385
213021130,가평초등학교,부산진구,공립,특별/광역시,부산광역시 부산진구 가야대로482번길 87(가야동. 가평초등학교),623,30,43,20.8,14.5,240,False,True,False,71.0,4.0,78.0,5.0,105.0,5.0,128.0,6.0,118.0,5.0,124.0,5.0,624.0,30.0,20250401,624,30,14118,22.6,30,3,5,0,0,38,20.8,16.42105263157895,20.766666666666666,14.488372093023257
213021142,개금초등학교,부산진구,공립,특별/광역시,부산광역시 부산진구 가야대로443번길 25-10(개금동),554,26,37,21.3,15.0,240,False,True,False,59.0,3.0,79.0,4.0,83.0,4.0,110.0,5.0,129.0,6.0,89.0,4.0,549.0,26.0,20250401,549,26,11251,20.5,27,1,3,0,0,31,20.333333333333332,17.70967741935484,21.307692307692307,14.972972972972974
213021257,개림초등학교,부산진구,공립,특별/광역시,부산광역시 부산진구 백양대로320번길 40(개금동. 개림초등학교),671,32,45,21.0,14.9,240,False,True,False,79.0,4.0,101.0,5.0,115.0,5.0,129.0,6.0,114.0,5.0,147.0,7.0,685.0,32.0,20250401,685,32,19169,28.0,39,11,4,0,3,57,17.564102564102566,12.017543859649123,20.96875,14.911111111111111
213021623,개원초등학교,부산진구,공립,특별/광역시,부산광역시 부산진구 백양관문로77번길 17. 개원초등학교 (개금동),457,24,38,19.0,12.0,240,False,True,False,56.0,3.0,62.0,3.0,80.0,5.0,79.0,4.0,89.0,4.0,95.0,5.0,461.0,24.0,20250401,461,24,13102,28.4,26,0,6,0,1,33,17.73076923076923,13.969696969696969,19.041666666666668,12.026315789473685
213021148,개포초등학교,부산진구,공립,특별/광역시,부산광역시 부산진구 백양대로208번길 9(개금동.개포초등학교),222,14,23,15.9,9.7,240,True,True,True,27.0,2.0,30.0,2.0,40.0,2.0,52.0,3.0,49.0,3.0,32.0,2.0,230.0,14.0,20250401,230,14,10556,45.9,17,3,9,0,9,38,13.529411764705882,6.052631578947368,15.857142857142858,9.652173913043478
213021154,개화초등학교,부산진구,공립,특별/광역시,부산광역시 부산진구 개금본동로66번길 12-12(개금동. 개화초등학교),165,10,16,16.5,10.3,240,True,True,True,11.0,1.0,23.0,1.0,23.0,2.0,32.0,2.0,31.0,2.0,44.0,2.0,164.0,10.0,20250401,164,10,13850,84.5,16,0,8,0,9,33,10.25,4.96969696969697,16.5,10.3125
213021196,당감초등학교,부산진구,공립,특별/광역시,부산광역시 부산진구 당감로 22-5(당감동.당감초등학교),172,10,18,17.2,9.6,240,True,True,True,16.0,1.0,22.0,1.0,16.0,1.0,32.0,2.0,42.0,3.0,46.0,2.0,174.0,10.0,20250401,174,10,13777,79.2,19,4,18,0,6,47,9.157894736842104,3.702127659574468,17.2,9.555555555555555
213021202,당평초등학교,부산진구,공립,특별/광역시,부산광역시 부산진구 백양대로136번길 26(당감동.당평초등학교),223,13,24,17.2,9.3,240,True,True,True,26.0,2.0,37.0,2.0,28.0,2.0,47.0,2.0,50.0,3.0,38.0,2.0,226.0,13.0,20250401,226,13,11361,50.3,19,1,6,0,5,31,11.894736842105264,7.290322580645161,17.153846153846153,9.291666666666666
213021551,동양초등학교,부산진구,공립,특별/광역시,부산광역시 부산진구 백양산로 99(부암동. 동양초등학교),189,12,20,15.8,9.5,240,True,True,True,21.0,1.0,35.0,3.0,27.0,2.0,36.0,2.0,31.0,2.0,39.0,2.0,189.0,12.0,20250401,189,12,13041,69.0,15,0,21,0,4,40,12.6,4.725,15.75,9.45
213021268,동원초등학교,부산진구,공립,특별/광역시,부산광역시 부산진구 백양산로 43(당감동. 동원초등학교),626,28,38,22.4,16.5,240,False,True,False,71.0,4.0,78.0,5.0,80.0,4.0,102.0,5.0,94.0,5.0,102.0,5.0,527.0,28.0,20250401,527,28,6916,13.1,28,0,7,0,0,35,18.821428571428573,15.057142857142857,22.357142857142858,16.473684210526315
213021264,동평초등학교,부산진구,공립,특별/광역시,부산광역시 부산진구 당감서로65번길 31. (당감동.동평초등학교) (당감동),513,24,33,21.4,15.5,240,False,True,False,95.0,4.0,75.0,3.0,88.0,4.0,83.0,4.0,89.0,5.0,71.0,4.0,501.0,24.0,20250401,501,24,18668,37.3,21,3,4,0,11,39,23.857142857142858,12.846153846153847,21.375,15.545454545454545
213021352,부산진초등학교,부산진구,공립,특별/광역시,부산광역시 부산진구 범천로 30(범천동. 부산진초등학교),437,24,34,18.2,12.9,240,False,True,False,58.0,3.0,76.0,4.0,85.0,4.0,78.0,5.0,62.0,3.0,83.0,5.0,442.0,24.0,20250401,442,24,14338,32.4,24,2,8,0,0,34,18.416666666666668,13.0,18.208333333333332,12.852941176470589
213021346,부암초등학교,부산진구,공립,특별/광역시,부산광역시 부산진구 신천대로263번길 26(부암동.부암초등학교),697,35,50,19.9,13.9,240,False,True,False,99.0,5.0,116.0,7.0,120.0,6.0,119.0,6.0,129.0,6.0,111.0,5.0,694.0,35.0,20250401,694,35,16562,23.9,35,1,4,0,6,46,19.82857142857143,15.08695652173913,19.914285714285715,13.94
213021358,부전초등학교,부산진구,공립,특별/광역시,부산광역시 부산진구 부전로65번길 25. 부전초등학교 (부전동),352,19,28,18.5,12.6,240,False,True,False,63.0,3.0,55.0,3.0,60.0,3.0,63.0,4.0,63.0,3.0,49.0,3.0,353.0,19.0,20250401,353,19,12120,34.3,22,0,4,0,0,26,16.045454545454547,13.576923076923077,18.526315789473685,12.571428571428571
213021394,선암초등학교,부산진구,공립,특별/광역시,부산광역시 부산진구 엄광로 412(범천동. 선암초등학교),121,10,17,12.1,7.1,240,True,True,True,26.0,3.0,27.0,2.0,24.0,2.0,18.0,1.0,12.0,1.0,9.0,1.0,116.0,10.0,20250401,116,10,6277,54.1,9,1,8,0,1,19,12.88888888888889,6.105263157894737,12.1,7.117647058823529
213021269,성북초등학교,부산진구,공립,특별/광역시,부산광역시 부산진구 황령대로 79(전포동. 성북초등학교),616,30,46,20.5,13.4,240,False,True,False,77.0,3.0,105.0,5.0,105.0,5.0,116.0,5.0,100.0,5.0,116.0,7.0,619.0,30.0,20250401,619,30,16429,26.5,29,3,2,1,3,38,21.344827586206897,16.289473684210527,20.533333333333335,13.391304347826088
213021406,성서초등학교,부산진구,공립,특별/광역시,부산광역시 부산진구 중앙번영로 25(범천동),178,13,21,13.7,8.5,240,True,True,True,29.0,2.0,33.0,2.0,32.0,3.0,25.0,2.0,29.0,2.0,28.0,2.0,176.0,13.0,20250401,176,13,5384,30.6,13,2,3,7,2,27,13.538461538461538,6.518518518518518,13.692307692307692,8.476190476190476
213021412,성전초등학교,부산진구,공립,특별/광역시,부산광역시 부산진구 전포대로298번길 15(전포동. 성전초등학교),442,21,29,21.0,15.2,240,False,True,False,79.0,4.0,66.0,3.0,79.0,5.0,72.0,3.0,73.0,3.0,69.0,3.0,438.0,21.0,20250401,438,21,7292,16.6,21,0,4,0,1,26,20.857142857142858,16.846153846153847,21.047619047619047,15.241379310344827
213021418,성지초등학교,부산진구,공립,특별/광역시,부산광역시 부산진구 시민공원로 62(범전동. 성지초등학교),458,25,41,18.3,11.2,240,False,True,False,72.0,4.0,51.0,3.0,87.0,4.0,80.0,5.0,101.0,5.0,75.0,4.0,466.0,25.0,20250401,466,25,13430,28.8,28,0,4,2,0,34,16.642857142857142,13.705882352941176,18.32,11.170731707317072
213021448,양동초등학교,부산진구,공립,특별/광역시,부산광역시 부산진구 황령산로605번길 35-10(양정동. 양동초등학교),974,41,60,23.8,16.2,240,False,True,False,161.0,7.0,185.0,8.0,202.0,8.0,175.0,7.0,162.0,7.0,97.0,4.0,982.0,41.0,20250401,982,41,15417,15.7,25,2,3,0,2,32,39.28,30.6875,23.75609756097561,16.233333333333334
213021454,양성초등학교,부산진구,공립,특별/광역시,부산광역시 부산진구 양성로 34(양정동.양성초등학교),299,18,31,16.6,9.6,240,False,True,False,43.0,2.0,48.0,3.0,42.0,3.0,53.0,4.0,62.0,3.0,64.0,3.0,312.0,18.0,20250401,312,18,12066,38.7,18,1,8,0,0,27,17.333333333333332,11.555555555555555,16.61111111111111,9.64516129032258
213021460,양정초등학교,부산진구,공립,특별/광역시,부산광역시 부산진구 중앙대로941번길 24(양정동. 양정초등학교),776,41,58,18.9,13.4,240,False,True,False,115.0,6.0,110.0,6.0,130.0,7.0,151.0,8.0,140.0,8.0,101.0,6.0,747.0,41.0,20250401,747,41,15003,20.1,42,0,16,0,0,58,17.785714285714285,12.879310344827585,18.926829268292682,13.379310344827585
213021478,연지초등학교,부산진구,공립,특별/광역시,부산광역시 부산진구 연지로 29. 연지초등학교 (연지동),1286,56,84,23.0,15.3,240,False,True,False,191.0,9.0,208.0,9.0,230.0,11.0,244.0,10.0,212.0,9.0,202.0,8.0,1287.0,56.0,20250401,1287,56,12690,9.9,56,3,6,0,4,69,22.982142857142858,18.652173913043477,22.964285714285715,15.30952380952381
213021484,연학초등학교,부산진구,공립,특별/광역시,부산광역시 부산진구 초읍천로 43번길. 10 (초읍동) 연학초등학교,355,18,26,19.7,13.7,240,False,True,False,52.0,3.0,64.0,4.0,78.0,3.0,61.0,3.0,69.0,3.0,39.0,2.0,363.0,18.0,20250401,363,18,6045,16.7,17,0,7,0,3,27,21.352941176470587,13.444444444444445,19.72222222222222,13.653846153846153
213021490,전포초등학교,부산진구,공립,특별/광역시,부산광역시 부산진구 전포대로255번길 38(전포동. 전포초등학교),348,21,30,16.6,11.6,240,False,True,False,44.0,3.0,67.0,4.0,65.0,3.0,57.0,4.0,60.0,3.0,59.0,4.0,352.0,21.0,20250401,352,21,10167,28.9,21,0,14,0,13,48,16.761904761904763,7.333333333333333,16.571428571428573,11.6
213021502,주례초등학교,부산진구,공립,특별/광역시,부산광역시 부산진구 진사로61번길 28-7(개금동. 주례초등학교),299,17,29,17.6,10.3,240,False,True,False,39.0,2.0,48.0,4.0,46.0,2.0,71.0,4.0,49.0,3.0,49.0,2.0,302.0,17.0,20250401,302,17,13482,44.6,27,0,10,0,1,38,11.185185185185185,7.947368421052632,17.58823529411765,10.310344827586206
213021526,초읍초등학교,부산진구,공립,특별/광역시,부산광역시 부산진구 성지로104번길 26(초읍동. 초읍초등학교),425,22,32,19.3,13.3,240,False,True,False,53.0,3.0,65.0,3.0,73.0,4.0,76.0,4.0,70.0,4.0,86.0,4.0,423.0,22.0,20250401,423,22,16374,38.7,22,0,6,0,1,29,19.227272727272727,14.586206896551724,19.318181818181817,13.28125
215021136,구남초등학교,북구,공립,특별/광역시,부산광역시 북구 구남로14번가길 23(구포동.구남초등학교),410,22,32,18.6,12.8,240,False,True,False,70.0,4.0,41.0,2.0,65.0,4.0,80.0,5.0,70.0,3.0,76.0,4.0,402.0,22.0,20250401,402,22,13293,33.1,28,3,20,0,0,51,14.357142857142858,7.882352941176471,18.636363636363637,12.8125
215021145,구포초등학교,북구,공립,특별/광역시,부산광역시 북구 백양대로1124번길 20(구포동. 구포초등학교),545,31,43,17.6,12.7,240,False,True,False,102.0,6.0,85.0,5.0,120.0,7.0,96.0,5.0,85.0,4.0,68.0,4.0,556.0,31.0,20250401,556,31,14977,26.9,31,2,4,0,0,37,17.93548387096774,15.027027027027026,17.580645161290324,12.674418604651162
215021163,금곡초등학교,북구,공립,특별/광역시,부산광역시 북구 효열로 174. 금곡초등학교 (금곡동),271,14,23,19.4,11.8,240,False,True,False,35.0,3.0,50.0,3.0,42.0,2.0,54.0,2.0,47.0,2.0,50.0,2.0,278.0,14.0,20250401,278,14,11201,40.3,18,2,7,4,3,34,15.444444444444445,8.176470588235293,19.357142857142858,11.782608695652174
215021165,금명초등학교,북구,공립,특별/광역시,부산광역시 북구 화명신도시로 197(금곡동. 금명초등학교),471,22,36,21.4,13.1,240,False,True,False,70.0,4.0,59.0,3.0,71.0,3.0,89.0,4.0,91.0,4.0,95.0,4.0,475.0,22.0,20250401,475,22,11005,23.2,25,4,10,0,0,39,19.0,12.179487179487179,21.40909090909091,13.083333333333334
215021172,금창초등학교,북구,공립,특별/광역시,부산광역시 북구 효열로235번길 14(금곡동. 금창초등학교),111,10,16,11.1,6.9,240,True,True,True,15.0,2.0,6.0,1.0,25.0,2.0,17.0,1.0,27.0,2.0,23.0,2.0,113.0,10.0,20250401,113,10,11222,99.3,12,2,5,0,7,26,9.416666666666666,4.346153846153846,11.1,6.9375
215021235,대천리초등학교,북구,공립,특별/광역시,부산광역시 북구 산성로 87-10. 대천리초등학교 (화명동),198,12,18,16.5,11.0,240,True,True,True,21.0,1.0,21.0,2.0,38.0,3.0,46.0,2.0,37.0,2.0,35.0,2.0,198.0,12.0,20250401,198,12,11657,58.9,13,2,4,0,0,19,15.23076923076923,10.421052631578947,16.5,11.0
215021271,덕성초등학교,북구,공립,특별/광역시,부산광역시 북구 만덕대로39번길 45. 덕성초등학교 (덕천동),327,19,30,17.2,10.9,240,False,True,False,65.0,3.0,54.0,3.0,56.0,3.0,58.0,4.0,55.0,3.0,41.0,3.0,329.0,19.0,20250401,329,19,9914,30.1,22,2,10,0,7,41,14.954545454545455,8.024390243902438,17.210526315789473,10.9
215021274,덕양초등학교,북구,공립,특별/광역시,부산광역시 북구 함박봉로 42(만덕동. 덕양초등학교),328,17,27,19.3,12.1,240,False,True,False,38.0,2.0,46.0,2.0,50.0,3.0,70.0,4.0,62.0,3.0,75.0,3.0,341.0,17.0,20250401,341,17,4782,14.0,20,2,7,0,17,46,17.05,7.413043478260869,19.294117647058822,12.148148148148149
215021280,덕천초등학교,북구,공립,특별/광역시,부산광역시 북구 덕천2길 10(구포동. 덕천초등학교),81,7,13,11.6,6.2,240,True,True,True,13.0,1.0,12.0,2.0,14.0,1.0,14.0,1.0,13.0,1.0,20.0,1.0,86.0,7.0,20250401,86,7,22117,257.2,20,0,10,0,5,35,4.3,2.4571428571428573,11.571428571428571,6.230769230769231
215021307,만덕초등학교,북구,공립,특별/광역시,부산광역시 북구 만덕1로 72(만덕동. 만덕초등학교),407,20,36,20.4,11.3,240,False,True,False,64.0,3.0,76.0,4.0,83.0,4.0,59.0,3.0,57.0,3.0,72.0,3.0,411.0,20.0,20250401,411,20,20459,49.8,20,1,4,0,1,26,20.55,15.807692307692308,20.35,11.305555555555555
215021316,명덕초등학교,북구,공립,특별/광역시,부산광역시 북구 금곡대로186번길 43(화명동. 명덕초등학교),642,30,49,21.4,13.1,240,False,True,False,84.0,5.0,106.0,5.0,110.0,5.0,125.0,5.0,109.0,5.0,110.0,5.0,644.0,30.0,20250401,644,30,13035,20.2,33,4,9,0,3,49,19.515151515151516,13.142857142857142,21.4,13.10204081632653
215021326,명진초등학교,북구,공립,특별/광역시,부산광역시 북구 화명신도시로 159(화명동. 명진초등학교),559,26,40,21.5,14.0,240,False,True,False,74.0,4.0,87.0,4.0,90.0,4.0,106.0,5.0,113.0,5.0,90.0,4.0,560.0,26.0,20250401,560,26,10038,17.9,30,2,3,1,0,36,18.666666666666668,15.555555555555555,21.5,13.975
215021379,백산초등학교,북구,공립,특별/광역시,부산광역시 북구 덕천로259번길 23(만덕동. 백산초등학교),544,25,40,21.8,13.6,240,False,True,False,58.0,3.0,91.0,4.0,95.0,5.0,100.0,4.0,94.0,4.0,108.0,5.0,546.0,25.0,20250401,546,25,15265,28.0,25,3,6,0,0,34,21.84,16.058823529411764,21.76,13.6
215021388,백양초등학교,북구,공립,특별/광역시,부산광역시 북구 상리로18번길 12(만덕동. 백양초등학교),906,42,55,21.6,16.5,240,False,True,False,149.0,7.0,156.0,7.0,155.0,7.0,173.0,8.0,141.0,6.0,144.0,7.0,918.0,42.0,20250401,918,42,26594,29.0,42,3,4,0,0,49,21.857142857142858,18.73469387755102,21.571428571428573,16.472727272727273
215021428,상학초등학교,북구,공립,특별/광역시,부산광역시 북구 상학산복길 191(만덕동. 상학초등학교),263,14,21,18.8,12.5,240,False,True,False,49.0,3.0,44.0,2.0,43.0,2.0,55.0,3.0,41.0,2.0,36.0,2.0,268.0,14.0,20250401,268,14,7606,28.4,13,0,24,0,0,37,20.615384615384617,7.243243243243243,18.785714285714285,12.523809523809524
215021460,신금초등학교,북구,공립,특별/광역시,부산광역시 북구 효열로 42(금곡동. 신금초등학교),244,15,26,16.3,9.4,240,False,True,False,32.0,2.0,36.0,3.0,42.0,2.0,47.0,3.0,35.0,2.0,52.0,3.0,244.0,15.0,20250401,244,15,15398,63.1,15,3,3,0,5,26,16.266666666666666,9.384615384615385,16.266666666666666,9.384615384615385
215021462,신덕초등학교,북구,공립,특별/광역시,부산광역시 북구 함박봉로140번가길 25(만덕동. 신덕초등학교),215,14,20,15.4,10.8,240,True,True,True,23.0,1.0,34.0,3.0,41.0,2.0,43.0,3.0,42.0,2.0,39.0,3.0,222.0,14.0,20250401,222,14,13222,59.6,24,12,8,0,5,49,9.25,4.530612244897959,15.357142857142858,10.75
215021465,신천초등학교,북구,공립,특별/광역시,부산광역시 북구 모분재로 83(구포동.신천초등학교),161,12,21,13.4,7.7,240,True,True,True,23.0,1.0,20.0,1.0,28.0,2.0,29.0,3.0,23.0,3.0,38.0,2.0,161.0,12.0,20250401,161,12,8294,51.5,13,2,4,0,2,21,12.384615384615385,7.666666666666667,13.416666666666666,7.666666666666667
215021478,양덕초등학교,북구,공립,특별/광역시,부산광역시 북구 팽나무로 58(덕천동. 양덕초등학교),140,10,19,14.0,7.4,240,True,True,True,12.0,1.0,30.0,3.0,20.0,1.0,18.0,1.0,31.0,2.0,30.0,2.0,141.0,10.0,20250401,141,10,13490,95.7,11,2,5,0,0,18,12.818181818181818,7.833333333333333,14.0,7.368421052631579
215021487,양천초등학교,북구,공립,특별/광역시,부산광역시 북구 덕천로 132(덕천동. 양천초등학교),100,9,15,11.1,6.7,240,True,True,True,14.0,2.0,12.0,1.0,13.0,1.0,24.0,2.0,22.0,2.0,18.0,1.0,103.0,9.0,20250401,103,9,20384,197.9,12,0,11,0,1,24,8.583333333333334,4.291666666666667,11.11111111111111,6.666666666666667
215021005,와석초등학교,북구,공립,특별/광역시,부산광역시 북구 화명대로94번길 83(화명동. 와석초등학교),479,25,36,19.2,13.3,240,False,True,False,54.0,3.0,77.0,5.0,93.0,5.0,85.0,4.0,83.0,4.0,96.0,4.0,488.0,25.0,20250401,488,25,13453,27.6,25,5,8,0,0,38,19.52,12.842105263157896,19.16,13.305555555555555
215021502,용수초등학교,북구,공립,특별/광역시,부산광역시 북구 화명신도시로 53(화명동. 용수초등학교),737,35,50,21.1,14.7,240,False,True,False,80.0,4.0,102.0,5.0,134.0,7.0,139.0,7.0,141.0,6.0,143.0,6.0,739.0,35.0,20250401,739,35,11014,14.9,38,3,5,0,0,46,19.44736842105263,16.065217391304348,21.057142857142857,14.74
215021532,포천초등학교,북구,공립,특별/광역시,부산광역시 북구 시랑로 115(구포동. 포천초등학교),399,21,29,19.0,13.8,240,False,True,False,49.0,3.0,44.0,2.0,58.0,4.0,80.0,4.0,65.0,3.0,105.0,5.0,401.0,21.0,20250401,401,21,16952,42.3,26,2,7,4,0,39,15.423076923076923,10.282051282051283,19.0,13.758620689655173
215021538,학사초등학교,북구,공립,특별/광역시,부산광역시 북구 용당로15번길 20. 20 (화명동. 학사초등학교),415,21,29,19.8,14.3,240,False,True,False,42.0,2.0,81.0,5.0,61.0,3.0,60.0,3.0,77.0,4.0,84.0,4.0,405.0,21.0,20250401,405,21,10573,26.1,21,2,4,0,1,28,19.285714285714285,14.464285714285714,19.761904761904763,14.310344827586206
215021559,화명초등학교,북구,공립,특별/광역시,부산광역시 북구 대천천길 65(화명동),511,27,41,18.9,12.5,240,False,True,False,93.0,6.0,95.0,5.0,83.0,4.0,108.0,5.0,71.0,4.0,58.0,3.0,508.0,27.0,20250401,508,27,10430,20.5,25,2,4,0,6,37,20.32,13.72972972972973,18.925925925925927,12.463414634146341
215021565,화잠초등학교,북구,공립,특별/광역시,부산광역시 북구 화명대로 97-25(화명동.화잠초등학교),399,19,30,21.0,13.3,240,False,True,False,39.0,2.0,70.0,3.0,69.0,3.0,80.0,4.0,71.0,3.0,73.0,4.0,402.0,19.0,20250401,402,19,6955,17.3,21,1,5,0,6,33,19.142857142857142,12.181818181818182,21.0,13.3
215021879,화정초등학교,북구,공립,특별/광역시,부산광역시 북구 의성로 23(화명동),699,32,44,21.8,15.9,240,False,True,False,107.0,5.0,96.0,5.0,133.0,5.0,128.0,6.0,130.0,6.0,109.0,5.0,703.0,32.0,20250401,703,32,10757,15.3,32,0,2,0,2,36,21.96875,19.52777777777778,21.84375,15.886363636363637
215021118,감전초등학교,사상구,공립,특별/광역시,부산광역시 사상구 괘감로 132(감전동.감전초등학교/북부교육청),116,8,14,14.5,8.3,240,True,True,True,16.0,1.0,16.0,1.0,22.0,1.0,20.0,2.0,25.0,2.0,20.0,1.0,119.0,8.0,20250401,119,8,9826,82.6,11,1,13,0,1,26,10.818181818181818,4.576923076923077,14.5,8.285714285714286
215021127,괘법초등학교,사상구,공립,특별/광역시,부산광역시 사상구 사상로161번길 8(괘법동. 괘법초등학교),52,7,13,7.4,4.0,240,True,True,True,9.0,1.0,9.0,1.0,10.0,1.0,5.0,1.0,12.0,2.0,7.0,1.0,52.0,7.0,20250401,52,7,9441,181.6,7,4,1,0,5,17,7.428571428571429,3.0588235294117645,7.428571428571429,4.0
215021154,구학초등학교,사상구,공립,특별/광역시,부산광역시 사상구 학감대로 49.(학장동. 구학초등학교),405,20,30,20.3,13.5,240,False,True,False,45.0,2.0,64.0,3.0,58.0,3.0,73.0,4.0,70.0,3.0,96.0,5.0,406.0,20.0,20250401,406,20,13147,32.4,20,2,6,0,0,28,20.3,14.5,20.25,13.5
215021262,덕상초등학교,사상구,공립,특별/광역시,부산광역시 사상구 덕상로 32(덕포동. 덕상초등학교),371,19,29,19.5,12.8,240,False,True,False,37.0,2.0,52.0,3.0,57.0,3.0,92.0,4.0,60.0,3.0,77.0,4.0,375.0,19.0,20250401,375,19,11264,30.0,21,0,3,0,5,29,17.857142857142858,12.931034482758621,19.526315789473685,12.793103448275861
215021289,덕포초등학교,사상구,공립,특별/광역시,부산광역시 사상구 삼덕로 83(덕포동. 덕포초등학교),134,10,16,13.4,8.4,240,True,True,True,17.0,1.0,33.0,3.0,26.0,2.0,26.0,2.0,17.0,1.0,15.0,1.0,134.0,10.0,20250401,134,10,8341,62.2,9,0,8,0,0,17,14.88888888888889,7.882352941176471,13.4,8.375
215021292,동궁초등학교,사상구,공립,특별/광역시,부산광역시 사상구 엄궁로 70-7(엄궁동. 동궁초등학교),474,25,42,19.0,11.3,240,False,True,False,55.0,3.0,80.0,5.0,67.0,4.0,108.0,5.0,86.0,4.0,80.0,4.0,476.0,25.0,20250401,476,25,10600,22.3,28,3,10,0,2,43,17.0,11.069767441860465,18.96,11.285714285714286
215021298,동주초등학교,사상구,공립,특별/광역시,부산광역시 사상구 가야대로306번길 72(주례동. 동주초등학교),421,22,34,19.1,12.4,240,False,True,False,62.0,3.0,55.0,3.0,62.0,3.0,84.0,4.0,79.0,4.0,87.0,5.0,429.0,22.0,20250401,429,22,14027,32.7,21,2,5,0,0,28,20.428571428571427,15.321428571428571,19.136363636363637,12.382352941176471
215021334,모덕초등학교,사상구,공립,특별/광역시,부산광역시 사상구 덕상로 120(모라동),557,28,41,19.9,13.6,240,False,True,False,64.0,3.0,78.0,5.0,82.0,4.0,101.0,5.0,110.0,5.0,125.0,6.0,560.0,28.0,20250401,560,28,17324,30.9,29,2,13,0,0,44,19.310344827586206,12.727272727272727,19.892857142857142,13.585365853658537
215021343,모동초등학교,사상구,공립,특별/광역시,부산광역시 사상구 모라로192번길 37(모라동),46,7,14,6.6,3.3,240,True,True,True,6.0,1.0,6.0,1.0,5.0,1.0,8.0,1.0,12.0,2.0,11.0,1.0,48.0,7.0,20250401,48,7,10962,228.4,10,0,10,0,0,20,4.8,2.4,6.571428571428571,3.2857142857142856
215021352,모라초등학교,사상구,공립,특별/광역시,부산광역시 사상구 모라로64번길 46(모라동. 모라초등학교),121,10,17,12.1,7.1,240,True,True,True,17.0,1.0,20.0,2.0,11.0,1.0,28.0,3.0,29.0,2.0,18.0,1.0,123.0,10.0,20250401,123,10,15125,123.0,10,2,6,0,0,18,12.3,6.833333333333333,12.1,7.117647058823529
215021361,모산초등학교,사상구,공립,특별/광역시,부산광역시 사상구 모라로110번길 93(모라동. 모산초등학교),282,14,24,20.1,11.8,240,False,True,False,44.0,2.0,52.0,3.0,45.0,2.0,53.0,2.0,44.0,2.0,48.0,3.0,286.0,14.0,20250401,286,14,9808,34.3,14,0,4,0,0,18,20.428571428571427,15.88888888888889,20.142857142857142,11.75
215021397,사상초등학교,사상구,공립,특별/광역시,부산광역시 사상구 운산로 65(덕포동.사상초등학교),333,19,33,17.5,10.1,240,False,True,False,56.0,3.0,65.0,3.0,50.0,3.0,64.0,4.0,63.0,4.0,49.0,2.0,347.0,19.0,20250401,347,19,13035,37.6,17,0,9,0,14,40,20.41176470588235,8.675,17.526315789473685,10.090909090909092
215021415,삼덕초등학교,사상구,공립,특별/광역시,부산광역시 사상구 삼덕로 24(삼락동. 삼덕초등학교),104,8,14,13.0,7.4,240,True,True,True,12.0,1.0,21.0,2.0,13.0,1.0,21.0,2.0,12.0,1.0,25.0,1.0,104.0,8.0,20250401,104,8,8480,81.5,11,1,10,0,0,22,9.454545454545455,4.7272727272727275,13.0,7.428571428571429
215021433,서감초등학교,사상구,공립,특별/광역시,부산광역시 사상구 괘감로 64. 서감초등학교 (감전동),114,9,16,12.7,7.1,240,True,True,True,13.0,1.0,26.0,2.0,16.0,1.0,22.0,2.0,20.0,2.0,17.0,1.0,114.0,9.0,20250401,114,9,10961,96.1,11,1,16,0,4,32,10.363636363636363,3.5625,12.666666666666666,7.125
215021496,엄궁초등학교,사상구,공립,특별/광역시,부산광역시 사상구 엄궁로191번길 23. 엄궁초등학교 (엄궁동),568,29,44,19.6,12.9,240,False,True,False,69.0,4.0,78.0,4.0,97.0,5.0,108.0,5.0,107.0,5.0,123.0,6.0,582.0,29.0,20250401,582,29,12501,21.5,34,3,12,0,8,57,17.11764705882353,10.210526315789474,19.586206896551722,12.909090909090908
215021505,주감초등학교,사상구,공립,특별/광역시,부산광역시 사상구 양지로 48. 주감초등학교 (주례동),611,29,41,21.1,14.9,240,False,True,False,110.0,5.0,87.0,4.0,112.0,6.0,105.0,5.0,104.0,4.0,97.0,5.0,615.0,29.0,20250401,615,29,14878,24.2,29,3,7,0,2,41,21.20689655172414,15.0,21.06896551724138,14.902439024390244
215021501,주양초등학교,사상구,공립,특별/광역시,부산광역시 사상구 백양대로 372-6(주례동. 주양초등학교),284,17,28,16.7,10.1,240,False,True,False,38.0,2.0,37.0,2.0,51.0,3.0,56.0,4.0,46.0,3.0,57.0,3.0,285.0,17.0,20250401,285,17,11109,39.0,17,2,2,0,0,21,16.764705882352942,13.571428571428571,16.705882352941178,10.142857142857142
215021514,주학초등학교,사상구,공립,특별/광역시,부산광역시 사상구 가야대로366번길 120(주례동. 주학초등학교),42,7,15,6.0,2.8,240,True,True,True,4.0,1.0,11.0,2.0,6.0,1.0,6.0,1.0,5.0,1.0,11.0,1.0,43.0,7.0,20250401,43,7,14762,343.3,7,2,6,0,0,15,6.142857142857143,2.8666666666666667,6.0,2.8
215021519,창진초등학교,사상구,공립,특별/광역시,부산광역시 사상구 사상로223번길 100(괘법동.창진초등학교),413,20,30,20.7,13.8,240,False,True,False,69.0,3.0,65.0,4.0,68.0,3.0,86.0,4.0,63.0,3.0,61.0,3.0,412.0,20.0,20250401,412,20,6650,16.1,20,1,2,0,8,31,20.6,13.290322580645162,20.65,13.766666666666667
215021541,학장초등학교,사상구,공립,특별/광역시,부산광역시 사상구 대동로 205(학장동),194,13,19,14.9,10.2,240,True,True,True,35.0,2.0,30.0,3.0,37.0,2.0,30.0,2.0,34.0,2.0,34.0,2.0,200.0,13.0,20250401,200,13,13334,66.7,13,0,11,0,0,24,15.384615384615385,8.333333333333334,14.923076923076923,10.210526315789474
215021550,학진초등학교,사상구,공립,특별/광역시,부산광역시 사상구 대동로 34-16(엄궁동. 학진초등학교),424,22,37,19.3,11.5,240,False,True,False,47.0,3.0,67.0,3.0,72.0,4.0,78.0,4.0,72.0,4.0,88.0,4.0,424.0,22.0,20250401,424,22,14371,33.9,22,2,4,0,0,28,19.272727272727273,15.142857142857142,19.272727272727273,11.45945945945946
212021116,감천초등학교,사하구,공립,특별/광역시,부산광역시 사하구 원양로 368-2(감천동. 감천초등학교),99,8,15,12.4,6.6,240,True,True,True,21.0,2.0,9.0,1.0,16.0,1.0,16.0,1.0,10.0,1.0,28.0,2.0,100.0,8.0,20250401,100,8,11254,112.5,12,0,11,0,0,23,8.333333333333334,4.3478260869565215,12.375,6.6
212021124,괴정초등학교,사하구,공립,특별/광역시,부산광역시 사하구 낙동대로 152(괴정동. 괴정초등학교),523,26,39,20.1,13.4,240,False,True,False,71.0,3.0,87.0,5.0,110.0,5.0,74.0,4.0,105.0,5.0,87.0,4.0,534.0,26.0,20250401,534,26,7072,13.2,25,2,3,0,3,33,21.36,16.181818181818183,20.115384615384617,13.41025641025641
212021140,구평초등학교,사하구,공립,특별/광역시,부산광역시 사하구 사하로 9(구평동.구평초등학교),652,30,40,21.7,16.3,240,False,True,False,104.0,5.0,130.0,6.0,137.0,6.0,109.0,5.0,101.0,4.0,93.0,4.0,674.0,30.0,20250401,674,30,14947,22.2,30,2,4,0,0,36,22.466666666666665,18.72222222222222,21.733333333333334,16.3
212021148,낙동초등학교,사하구,공립,특별/광역시,부산광역시 사하구 제석로 41(당리동.낙동초등학교),816,38,59,21.5,13.8,240,False,True,False,92.0,5.0,109.0,5.0,138.0,6.0,171.0,8.0,172.0,8.0,135.0,6.0,817.0,38.0,20250401,817,38,12078,14.8,37,0,4,0,1,42,22.08108108108108,19.452380952380953,21.473684210526315,13.830508474576272
212021180,다대초등학교,사하구,공립,특별/광역시,부산광역시 사하구 다대로 499(다대동.다대초등학교),635,31,44,20.5,14.4,240,False,True,False,92.0,4.0,112.0,6.0,110.0,5.0,95.0,5.0,118.0,6.0,123.0,5.0,650.0,31.0,20250401,650,31,21581,33.2,36,3,4,0,3,46,18.055555555555557,14.130434782608695,20.483870967741936,14.431818181818182
212021188,다선초등학교,사하구,공립,특별/광역시,부산광역시 사하구 다송로 57(다대동.다선초등학교),505,25,35,20.2,14.4,240,False,True,False,61.0,3.0,78.0,4.0,86.0,5.0,100.0,4.0,82.0,5.0,98.0,4.0,505.0,25.0,20250401,505,25,15793,31.3,27,0,14,0,2,43,18.703703703703702,11.744186046511627,20.2,14.428571428571429
212021192,다송초등학교,사하구,공립,특별/광역시,부산광역시 사하구 다대로381번길 17(다대동. 다송초등학교),121,10,18,12.1,6.7,240,True,True,True,12.0,1.0,9.0,1.0,23.0,2.0,21.0,2.0,27.0,2.0,29.0,2.0,121.0,10.0,20250401,121,10,20913,172.8,17,2,3,0,0,22,7.117647058823529,5.5,12.1,6.722222222222222
212021196,당리초등학교,사하구,공립,특별/광역시,부산광역시 사하구 다대로 22번길 12(당리동. 당리초등학교),132,9,16,14.7,8.3,240,True,True,True,24.0,2.0,23.0,1.0,11.0,1.0,35.0,3.0,22.0,1.0,20.0,1.0,135.0,9.0,20250401,135,9,16797,124.4,12,4,10,0,4,30,11.25,4.5,14.666666666666666,8.25
212021303,몰운대초등학교,사하구,공립,특별/광역시,부산광역시 사하구 다대낙조2길 110(다대동.몰운대초등학교),755,35,50,21.6,15.1,240,False,True,False,101.0,4.0,119.0,6.0,113.0,5.0,159.0,7.0,145.0,6.0,138.0,7.0,775.0,35.0,20250401,775,35,10000,12.9,35,3,3,1,4,46,22.142857142857142,16.847826086956523,21.571428571428573,15.1
212021265,보림초등학교,사하구,공립,특별/광역시,부산광역시 사하구 장림로161번길 20(장림동. 보림초등학교),601,32,51,18.8,11.8,240,False,True,False,90.0,4.0,109.0,6.0,105.0,6.0,100.0,5.0,104.0,5.0,97.0,6.0,605.0,32.0,20250401,605,32,7856,13.0,32,4,5,0,2,43,18.90625,14.069767441860465,18.78125,11.784313725490197
212021300,사남초등학교,사하구,공립,특별/광역시,부산광역시 사하구 장평로 390(괴정동.사남초등학교),374,18,29,20.8,12.9,240,False,True,False,63.0,3.0,74.0,3.0,61.0,3.0,68.0,3.0,42.0,2.0,62.0,4.0,370.0,18.0,20250401,370,18,13323,36.0,18,1,4,0,0,23,20.555555555555557,16.08695652173913,20.77777777777778,12.89655172413793
212021308,사동초등학교,사하구,공립,특별/광역시,부산광역시 사하구 승학로 129-2(당리동. 사동초등학교),178,11,18,16.2,9.9,240,True,True,True,16.0,2.0,22.0,1.0,24.0,2.0,47.0,2.0,35.0,2.0,43.0,2.0,187.0,11.0,20250401,187,11,16702,89.3,15,2,8,0,0,25,12.466666666666667,7.48,16.181818181818183,9.88888888888889
212021316,사하초등학교,사하구,공립,특별/광역시,부산광역시 사하구 낙동대로 266(괴정동.사하초등학교),886,39,56,22.7,15.8,240,False,True,False,132.0,6.0,111.0,5.0,159.0,7.0,165.0,7.0,160.0,7.0,157.0,7.0,884.0,39.0,20250401,884,39,19608,22.2,42,4,4,0,2,52,21.047619047619047,17.0,22.71794871794872,15.821428571428571
212021332,서천초등학교,사하구,공립,특별/광역시,부산광역시 사하구 감천로105번길 10(감천동.서천초등학교),129,9,18,14.3,7.2,240,True,True,True,13.0,1.0,17.0,1.0,14.0,1.0,17.0,1.0,31.0,2.0,34.0,3.0,126.0,9.0,20250401,126,9,4950,39.3,11,0,5,0,2,18,11.454545454545455,7.0,14.333333333333334,7.166666666666667
212021372,승학초등학교,사하구,공립,특별/광역시,부산광역시 사하구 낙동대로135번길 55(괴정동.승학초등학교),205,12,21,17.1,9.8,240,True,True,True,17.0,1.0,19.0,1.0,36.0,2.0,42.0,2.0,51.0,3.0,43.0,3.0,208.0,12.0,20250401,208,12,9712,46.7,12,6,4,0,6,28,17.333333333333332,7.428571428571429,17.083333333333332,9.761904761904763
212021376,신남초등학교,사하구,공립,특별/광역시,부산광역시 사하구 비봉로 88(하단동.신남초등학교),417,22,31,19.0,13.5,240,False,True,False,54.0,4.0,67.0,3.0,60.0,3.0,70.0,3.0,95.0,5.0,79.0,4.0,425.0,22.0,20250401,425,22,18382,43.3,22,2,3,0,0,27,19.318181818181817,15.74074074074074,18.954545454545453,13.451612903225806
212021388,신촌초등학교,사하구,공립,특별/광역시,부산광역시 사하구 다대로135번길 30-21(신평동. 신촌초등학교),71,8,14,8.9,5.1,240,True,True,True,3.0,1.0,12.0,2.0,12.0,1.0,15.0,2.0,14.0,1.0,15.0,1.0,71.0,8.0,20250401,71,8,14905,209.9,9,4,5,2,4,24,7.888888888888889,2.9583333333333335,8.875,5.071428571428571
212021396,신평초등학교,사하구,공립,특별/광역시,부산광역시 사하구 장평로299번안길 19(신평동. 신평초등학교),507,24,39,21.1,13.0,240,False,True,False,86.0,4.0,75.0,3.0,84.0,4.0,102.0,4.0,86.0,5.0,81.0,4.0,514.0,24.0,20250401,514,24,11707,22.8,26,1,4,0,7,38,19.76923076923077,13.526315789473685,21.125,13.0
212021428,옥천초등학교,사하구,공립,특별/광역시,부산광역시 사하구 사하로 134(감천동.옥천초등학교),434,21,33,20.7,13.2,240,False,True,False,42.0,2.0,61.0,3.0,80.0,5.0,71.0,3.0,85.0,4.0,96.0,4.0,435.0,21.0,20250401,435,21,12362,28.4,22,2,2,0,2,28,19.772727272727273,15.535714285714286,20.666666666666668,13.151515151515152
212021430,을숙도초등학교,사하구,공립,특별/광역시,부산광역시 사하구 낙동대로 581(하단동. 을숙도초등학교),532,27,38,19.7,14.0,240,False,True,False,69.0,3.0,74.0,4.0,87.0,4.0,101.0,5.0,106.0,5.0,104.0,6.0,541.0,27.0,20250401,541,27,8115,15.0,27,3,4,0,0,34,20.037037037037038,15.911764705882353,19.703703703703702,14.0
212021432,응봉초등학교,사하구,공립,특별/광역시,부산광역시 사하구 다대낙조2길 26(다대동.응봉초등학교),120,9,15,13.3,8.0,240,True,True,True,9.0,1.0,24.0,2.0,16.0,1.0,19.0,1.0,24.0,2.0,28.0,2.0,120.0,9.0,20250401,120,9,14680,122.3,9,1,3,0,0,13,13.333333333333334,9.23076923076923,13.333333333333334,8.0
212021436,장림초등학교,사하구,공립,특별/광역시,부산광역시 사하구 장림번영로103번길 10(장림동),494,26,38,19.0,13.0,240,False,True,False,55.0,3.0,82.0,5.0,83.0,5.0,103.0,5.0,86.0,4.0,94.0,4.0,503.0,26.0,20250401,503,26,12200,24.3,31,3,6,0,0,40,16.225806451612904,12.575,19.0,13.0
212021480,중현초등학교,사하구,공립,특별/광역시,부산광역시 사하구 다대낙조2길 8(다대동.중현초등학교),315,17,27,18.5,11.7,240,False,True,False,39.0,2.0,46.0,3.0,51.0,3.0,59.0,3.0,58.0,3.0,68.0,3.0,321.0,17.0,20250401,321,17,12070,37.6,21,0,9,0,10,40,15.285714285714286,8.025,18.529411764705884,11.666666666666666
212021540,하남초등학교,사하구,공립,특별/광역시,부산광역시 사하구 하신번영로 186(하단동),577,28,37,20.6,15.6,240,False,True,False,76.0,4.0,88.0,4.0,78.0,4.0,123.0,6.0,104.0,5.0,117.0,5.0,586.0,28.0,20250401,586,28,8603,14.7,31,4,8,0,0,43,18.903225806451612,13.627906976744185,20.607142857142858,15.594594594594595
212021548,하단초등학교,사하구,공립,특별/광역시,부산광역시 사하구 하신중앙로 321(하단동. 하단초등학교),272,16,24,17.0,11.3,240,False,True,False,30.0,2.0,34.0,3.0,47.0,2.0,50.0,3.0,49.0,3.0,65.0,3.0,275.0,16.0,20250401,275,16,12036,43.8,18,0,8,0,14,40,15.277777777777779,6.875,17.0,11.333333333333334
212021564,효림초등학교,사하구,공립,특별/광역시,부산광역시 사하구 장평로 106(장림동.효림초등학교),510,26,48,19.6,10.6,240,False,True,False,71.0,5.0,75.0,4.0,84.0,4.0,96.0,5.0,99.0,5.0,88.0,4.0,513.0,27.0,20250401,513,27,14027,27.3,26,3,2,1,1,33,19.73076923076923,15.545454545454545,19.615384615384617,10.625
212021132,구덕초등학교,서구,공립,특별/광역시,부산광역시 서구 보수대로 312(서대신동3가. 구덕초등학교),422,21,33,20.1,12.8,240,False,True,False,49.0,2.0,58.0,3.0,60.0,3.0,91.0,5.0,80.0,4.0,82.0,4.0,420.0,21.0,20250401,420,21,9598,22.9,21,2,3,0,0,26,20.0,16.153846153846153,20.095238095238095,12.787878787878787
212021156,남부민초등학교,서구,공립,특별/광역시,부산광역시 서구 천마로 153(남부민동.남부민초등학교),90,7,15,12.9,6.0,240,True,True,True,12.0,1.0,9.0,1.0,16.0,2.0,15.0,1.0,17.0,1.0,22.0,1.0,91.0,7.0,20250401,91,7,14974,164.5,7,0,15,0,2,24,13.0,3.7916666666666665,12.857142857142858,6.0
212021212,대신초등학교,서구,공립,특별/광역시,부산광역시 서구 대신로 63(서대신동3가.대신초등학교),732,31,41,23.6,17.9,240,False,True,False,126.0,6.0,99.0,4.0,142.0,6.0,120.0,5.0,128.0,5.0,119.0,5.0,734.0,31.0,20250401,734,31,11405,15.5,35,2,6,0,3,46,20.97142857142857,15.956521739130435,23.612903225806452,17.853658536585368
212021244,동신초등학교,서구,공립,특별/광역시,부산광역시 서구 대영로85번길 81-19(동대신동3가. 동신초등학교),288,15,25,19.2,11.5,240,False,True,False,33.0,3.0,35.0,2.0,51.0,2.0,45.0,2.0,66.0,3.0,61.0,3.0,291.0,15.0,20250401,291,15,15118,52.0,19,0,11,0,10,40,15.31578947368421,7.275,19.2,11.52
212021292,부민초등학교,서구,공립,특별/광역시,부산광역시 서구 고운들로 12(부용동2가. 부민초등학교),574,28,43,20.5,13.3,240,False,True,False,74.0,3.0,83.0,5.0,83.0,4.0,116.0,5.0,111.0,5.0,106.0,6.0,573.0,28.0,20250401,573,28,11144,19.4,30,2,5,0,0,37,19.1,15.486486486486486,20.5,13.348837209302326
212021348,송도초등학교,서구,공립,특별/광역시,부산광역시 서구 충무대로 25(암남동. 송도초등학교),501,27,38,18.6,13.2,240,False,True,False,75.0,4.0,82.0,5.0,89.0,5.0,82.0,4.0,95.0,5.0,84.0,4.0,507.0,27.0,20250401,507,27,9911,19.5,23,0,8,0,2,33,22.043478260869566,15.363636363636363,18.555555555555557,13.18421052631579
212021404,아미초등학교,서구,공립,특별/광역시,부산광역시 서구 해돋이로 241(아미동2가. 아미초등학교),31,7,15,4.4,2.1,240,True,True,True,6.0,1.0,5.0,1.0,3.0,1.0,8.0,2.0,5.0,1.0,5.0,1.0,32.0,7.0,20250401,32,7,10989,343.4,7,1,3,0,0,11,4.571428571428571,2.909090909090909,4.428571428571429,2.066666666666667
212021484,천마초등학교,서구,공립,특별/광역시,부산광역시 서구 천해로7번길 38(암남동. 천마초등학교),84,8,14,10.5,6.0,240,True,True,True,12.0,2.0,11.0,1.0,22.0,2.0,14.0,1.0,15.0,1.0,10.0,1.0,84.0,8.0,20250401,84,8,10548,125.6,12,0,3,0,2,17,7.0,4.9411764705882355,10.5,6.0
212021532,토성초등학교,서구,공립,특별/광역시,부산광역시 서구 구덕로134번길 45(토성동2가. 토성초등학교),401,21,33,19.1,12.2,240,False,True,False,33.0,2.0,53.0,3.0,66.0,3.0,76.0,3.0,94.0,5.0,77.0,5.0,399.0,21.0,20250401,399,21,14191,35.6,26,0,8,0,0,34,15.346153846153847,11.735294117647058,19.095238095238095,12.151515151515152
212021556,화랑초등학교,서구,공립,특별/광역시,부산광역시 서구 대영로86번길 56. 화랑초등학교 (동대신동1가),171,12,21,14.3,8.1,240,True,True,True,19.0,2.0,26.0,2.0,35.0,2.0,42.0,3.0,26.0,1.0,25.0,2.0,173.0,12.0,20250401,173,12,12441,71.9,12,1,5,0,0,18,14.416666666666666,9.61111111111111,14.25,8.142857142857142
216021124,광남초등학교,수영구,공립,특별/광역시,부산광역시 수영구 광안해변로 115(남천동. 광남초등학교),581,29,43,20.0,13.5,240,False,True,False,64.0,3.0,92.0,4.0,93.0,5.0,114.0,6.0,114.0,6.0,108.0,5.0,585.0,29.0,20250401,585,29,16541,28.3,41,2,6,1,3,53,14.268292682926829,11.037735849056604,20.03448275862069,13.511627906976743
216021136,광안초등학교,수영구,공립,특별/광역시,부산광역시 수영구 광안로35번길 42(광안동),657,29,39,22.7,16.8,240,False,True,False,75.0,3.0,92.0,4.0,113.0,5.0,124.0,5.0,126.0,6.0,132.0,6.0,662.0,29.0,20250401,662,29,10765,16.3,34,0,8,0,0,42,19.470588235294116,15.761904761904763,22.655172413793103,16.846153846153847
216021160,남천초등학교,수영구,공립,특별/광역시,부산광역시 수영구 남천서로 14(남천동. 남천초등학교),929,41,59,22.7,15.7,240,False,True,False,140.0,6.0,159.0,7.0,155.0,8.0,166.0,7.0,168.0,7.0,149.0,6.0,937.0,41.0,20250401,937,41,11530,12.3,41,3,2,0,3,49,22.853658536585368,19.122448979591837,22.658536585365855,15.745762711864407
216021196,망미초등학교,수영구,공립,특별/광역시,부산광역시 수영구 수미로35번길 27(망미동),386,21,29,18.4,13.3,240,False,True,False,56.0,3.0,42.0,2.0,59.0,3.0,69.0,4.0,75.0,4.0,88.0,5.0,389.0,21.0,20250401,389,21,14200,36.5,21,2,6,0,0,29,18.523809523809526,13.413793103448276,18.38095238095238,13.310344827586206
216021208,민락초등학교,수영구,공립,특별/광역시,부산광역시 수영구 광남로257번길 12(민락동.민락초등학교),587,29,42,20.2,14.0,240,False,True,False,88.0,4.0,95.0,5.0,102.0,5.0,106.0,5.0,115.0,5.0,89.0,5.0,595.0,29.0,20250401,595,29,17600,29.6,32,0,14,0,2,48,18.59375,12.395833333333334,20.24137931034483,13.976190476190476
216021220,민안초등학교,수영구,공립,특별/광역시,부산광역시 수영구 감포로38번길 33(민락동. 민안초등학교),393,21,31,18.7,12.7,240,False,True,False,78.0,4.0,57.0,3.0,66.0,3.0,77.0,4.0,57.0,4.0,59.0,3.0,394.0,21.0,20250401,394,21,12054,30.6,20,1,19,0,1,41,19.7,9.609756097560975,18.714285714285715,12.67741935483871
216021268,배산초등학교,수영구,공립,특별/광역시,부산광역시 수영구 망미배산로48번길 85-15(망미동. 배산초등학교),512,25,36,20.5,14.2,240,False,True,False,79.0,4.0,66.0,3.0,91.0,5.0,98.0,4.0,97.0,4.0,87.0,5.0,518.0,25.0,20250401,518,25,16618,32.1,24,3,6,0,0,33,21.583333333333332,15.696969696969697,20.48,14.222222222222221
216021304,수미초등학교,수영구,공립,특별/광역시,부산광역시 수영구 연수로310번길 91(망미동. 수미초등학교),399,21,35,19.0,11.4,240,False,True,False,36.0,3.0,44.0,2.0,84.0,4.0,78.0,4.0,81.0,4.0,85.0,4.0,408.0,21.0,20250401,408,21,15380,37.7,23,0,8,0,7,38,17.73913043478261,10.736842105263158,19.0,11.4
216021316,수영초등학교,수영구,공립,특별/광역시,부산광역시 수영구 광서로16번길 33(광안동. 수영초등학교),680,31,44,21.9,15.5,240,False,True,False,79.0,4.0,82.0,4.0,112.0,5.0,119.0,5.0,135.0,7.0,148.0,6.0,675.0,31.0,20250401,675,31,13418,19.9,41,2,8,0,0,51,16.463414634146343,13.235294117647058,21.93548387096774,15.454545454545455
216021568,호암초등학교,수영구,공립,특별/광역시,부산광역시 수영구 호암로 57(광안동),471,23,33,20.5,14.3,240,False,True,False,66.0,3.0,80.0,5.0,83.0,4.0,89.0,4.0,85.0,4.0,67.0,3.0,470.0,23.0,20250401,470,23,10943,23.3,23,3,6,0,0,32,20.434782608695652,14.6875,20.47826086956522,14.272727272727273
214021156,거제초등학교,연제구,공립,특별/광역시,부산광역시 연제구 해맞이로 39(거제동.거제초등학교),803,35,49,22.9,16.4,240,False,True,False,149.0,7.0,155.0,7.0,135.0,5.0,141.0,6.0,128.0,6.0,90.0,4.0,798.0,35.0,20250401,798,35,10712,13.4,35,0,4,0,0,39,22.8,20.46153846153846,22.942857142857143,16.387755102040817
214021158,거학초등학교,연제구,공립,특별/광역시,부산광역시 연제구 교대로24번길 36(거제동. 거학초등학교),543,25,38,21.7,14.3,240,False,True,False,60.0,3.0,72.0,4.0,97.0,4.0,102.0,5.0,111.0,5.0,105.0,4.0,547.0,25.0,20250401,547,25,9398,17.2,27,2,11,0,0,40,20.25925925925926,13.675,21.72,14.289473684210526
214021159,과정초등학교,연제구,공립,특별/광역시,부산광역시 연제구 과정로164번길 37. 과정초등학교 (연산동. 과정초등학교),425,21,31,20.2,13.7,240,False,True,False,45.0,2.0,57.0,3.0,86.0,4.0,73.0,4.0,86.0,4.0,78.0,4.0,425.0,21.0,20250401,425,21,14348,33.8,24,9,4,0,5,42,17.708333333333332,10.119047619047619,20.238095238095237,13.709677419354838
214021183,남문초등학교,연제구,공립,특별/광역시,부산광역시 연제구 법원북로 23. 남문초등학교 (거제동),1061,42,62,25.3,17.1,240,False,True,False,141.0,6.0,120.0,6.0,177.0,7.0,207.0,7.0,177.0,7.0,217.0,9.0,1039.0,42.0,20250401,1039,42,8381,8.1,42,0,7,0,0,49,24.738095238095237,21.20408163265306,25.261904761904763,17.112903225806452
214021264,동명초등학교,연제구,공립,특별/광역시,부산광역시 연제구 쌍미천로44번길 17(연산동. 동명초등학교),155,13,21,11.9,7.4,240,True,True,True,17.0,2.0,23.0,3.0,27.0,2.0,25.0,2.0,36.0,2.0,29.0,2.0,157.0,13.0,20250401,157,13,13532,86.2,17,2,3,0,4,26,9.235294117647058,6.038461538461538,11.923076923076923,7.380952380952381
214021462,연동초등학교,연제구,공립,특별/광역시,부산광역시 연제구 고분로56번길 40(연산동),542,27,39,20.1,13.9,240,False,True,False,71.0,4.0,79.0,4.0,81.0,4.0,112.0,6.0,88.0,4.0,117.0,5.0,548.0,27.0,20250401,548,27,17193,31.4,31,3,6,0,0,40,17.677419354838708,13.7,20.074074074074073,13.897435897435898
214021464,연미초등학교,연제구,공립,특별/광역시,부산광역시 연제구 금련로38번길 84(연산동. 연미초등학교),298,18,27,16.6,11.0,240,False,True,False,74.0,4.0,46.0,3.0,57.0,3.0,46.0,3.0,41.0,2.0,35.0,3.0,299.0,18.0,20250401,299,18,11561,38.7,18,2,4,0,0,24,16.61111111111111,12.458333333333334,16.555555555555557,11.037037037037036
214021468,연산초등학교,연제구,공립,특별/광역시,부산광역시 연제구 월드컵대로 41(연산동. 연산초등학교),787,39,55,20.2,14.3,240,False,True,False,113.0,6.0,136.0,7.0,147.0,7.0,140.0,6.0,134.0,7.0,132.0,6.0,802.0,39.0,20250401,802,39,16583,20.7,39,3,5,0,0,47,20.564102564102566,17.06382978723404,20.17948717948718,14.309090909090909
214021470,연서초등학교,연제구,공립,특별/광역시,부산광역시 연제구 거제천로270번길 30(연산동. 연서초등학교),591,30,44,19.7,13.4,240,False,True,False,71.0,4.0,87.0,4.0,106.0,6.0,100.0,5.0,131.0,6.0,104.0,5.0,599.0,30.0,20250401,599,30,11621,19.4,30,4,3,0,0,37,19.966666666666665,16.18918918918919,19.7,13.431818181818182
214021471,연신초등학교,연제구,공립,특별/광역시,부산광역시 연제구 신금로23번길 30(연산동. 연신초등학교),578,28,40,20.6,14.5,240,False,True,False,85.0,4.0,90.0,5.0,123.0,5.0,98.0,5.0,106.0,5.0,90.0,4.0,592.0,28.0,20250401,592,28,11638,19.7,29,1,2,2,0,34,20.413793103448278,17.41176470588235,20.642857142857142,14.45
214021474,연일초등학교,연제구,공립,특별/광역시,부산광역시 연제구 고분로 126-4(연산동.연일초등학교),94,7,12,13.4,7.8,240,True,True,True,9.0,1.0,16.0,2.0,16.0,1.0,19.0,1.0,18.0,1.0,16.0,1.0,94.0,7.0,20250401,94,7,12705,135.2,8,1,5,0,0,14,11.75,6.714285714285714,13.428571428571429,7.833333333333333
214021476,연제초등학교,연제구,공립,특별/광역시,부산광역시 연제구 중앙대로1065번길 14(연산동. 연제초등학교),435,22,33,19.8,13.2,240,False,True,False,55.0,3.0,66.0,4.0,68.0,4.0,86.0,4.0,72.0,3.0,91.0,4.0,438.0,22.0,20250401,438,22,9038,20.6,28,3,5,0,0,36,15.642857142857142,12.166666666666666,19.772727272727273,13.181818181818182
214021481,연천초등학교,연제구,공립,특별/광역시,부산광역시 연제구 과정로225번길 46(연산동. 연천 초등학교),583,27,41,21.6,14.2,240,False,True,False,76.0,4.0,83.0,5.0,105.0,5.0,103.0,4.0,102.0,4.0,104.0,5.0,573.0,27.0,20250401,573,27,12133,21.2,40,2,3,0,0,45,14.325,12.733333333333333,21.59259259259259,14.21951219512195
214021517,창신초등학교,연제구,공립,특별/광역시,부산광역시 연제구 종합운동장로12번길 15(거제동. 창신초등학교),1621,62,79,26.1,20.5,240,False,True,False,233.0,9.0,288.0,11.0,277.0,11.0,271.0,10.0,276.0,10.0,279.0,11.0,1624.0,62.0,20250401,1624,62,15512,9.6,65,3,3,0,0,71,24.984615384615385,22.87323943661972,26.14516129032258,20.518987341772153
214021529,토현초등학교,연제구,공립,특별/광역시,부산광역시 연제구 토현로 48(연산동. 토현초등학교),242,14,24,17.3,10.1,240,False,True,False,21.0,1.0,41.0,3.0,39.0,2.0,41.0,2.0,49.0,3.0,51.0,3.0,242.0,14.0,20250401,242,14,8707,36.0,17,2,5,0,1,25,14.235294117647058,9.68,17.285714285714285,10.083333333333334
212021111,남항초등학교,영도구,공립,특별/광역시,부산광역시 영도구 남항새싹길 55(영선동4가. 남항초등학교),158,11,22,14.4,7.2,240,True,True,True,29.0,3.0,23.0,2.0,18.0,1.0,32.0,2.0,37.0,2.0,21.0,1.0,160.0,11.0,20250401,160,11,17663,110.4,16,1,4,8,7,36,10.0,4.444444444444445,14.363636363636363,7.181818181818182
212021204,대교초등학교,영도구,공립,특별/광역시,부산광역시 영도구 봉래나루로246번길 19(봉래동4가. 대교초등학교),366,19,31,19.3,11.8,240,False,True,False,62.0,3.0,60.0,3.0,77.0,4.0,73.0,4.0,45.0,2.0,55.0,3.0,372.0,19.0,20250401,372,19,5884,15.8,18,0,1,0,0,19,20.666666666666668,19.57894736842105,19.263157894736842,11.806451612903226
212021220,대평초등학교,영도구,공립,특별/광역시,부산광역시 영도구 절영로 82. 대평초등학교 (남항동2가. 대평초등학교),209,11,19,19.0,11.0,240,True,True,True,22.0,1.0,25.0,2.0,42.0,2.0,40.0,2.0,37.0,2.0,41.0,2.0,207.0,11.0,20250401,207,11,13546,65.4,17,0,4,0,1,22,12.176470588235293,9.409090909090908,19.0,11.0
212021236,동삼초등학교,영도구,공립,특별/광역시,부산광역시 영도구 태종로 610(동삼동.동삼초등학교),421,19,28,22.2,15.0,240,False,True,False,64.0,3.0,73.0,3.0,71.0,3.0,69.0,3.0,76.0,3.0,70.0,4.0,423.0,19.0,20250401,423,19,9432,22.3,19,1,3,0,0,23,22.263157894736842,18.391304347826086,22.157894736842106,15.035714285714286
212021280,봉삼초등학교,영도구,공립,특별/광역시,부산광역시 영도구 함지로79번길 39(동삼동. 봉삼초등학교),30,7,15,4.3,2.0,240,True,True,True,5.0,1.0,1.0,1.0,10.0,2.0,4.0,1.0,8.0,1.0,4.0,1.0,32.0,7.0,20250401,32,7,14902,465.7,7,0,5,0,0,12,4.571428571428571,2.6666666666666665,4.285714285714286,2.0
212021284,봉학초등학교,영도구,공립,특별/광역시,부산광역시 영도구 태종로 242(청학동.봉학초등학교),143,10,19,14.3,7.5,240,True,True,True,13.0,1.0,32.0,2.0,29.0,2.0,23.0,2.0,19.0,1.0,30.0,2.0,146.0,10.0,20250401,146,10,9996,68.5,17,2,4,0,0,23,8.588235294117647,6.3478260869565215,14.3,7.526315789473684
212021324,상리초등학교,영도구,공립,특별/광역시,부산광역시 영도구 상리로 38(동삼동.상리초등학교),106,7,13,15.1,8.2,240,True,True,True,15.0,1.0,12.0,2.0,12.0,1.0,23.0,1.0,25.0,1.0,21.0,1.0,108.0,7.0,20250401,108,7,12799,118.5,7,2,9,0,0,18,15.428571428571429,6.0,15.142857142857142,8.153846153846153
212021380,신선초등학교,영도구,공립,특별/광역시,부산광역시 영도구 산정길 17(신선동3가),21,4,11,5.3,1.9,240,True,True,True,,,3.0,1.0,4.0,1.0,2.0,1.0,,,12.0,1.0,21.0,4.0,20250401,21,4,13730,653.8,7,0,1,0,6,14,3.0,1.5,5.25,1.9090909090909092
212021412,영도초등학교,영도구,공립,특별/광역시,부산광역시 영도구 꿈나무길 41(신선동1가.영도초등학교),224,14,25,16.0,9.0,240,True,True,True,24.0,2.0,41.0,2.0,34.0,2.0,38.0,3.0,39.0,2.0,50.0,3.0,226.0,14.0,20250401,226,14,22927,101.4,14,2,14,0,2,32,16.142857142857142,7.0625,16.0,8.96
212021456,절영초등학교,영도구,공립,특별/광역시,부산광역시 영도구 함지로 37(동삼동.절영초등학교),59,7,16,8.4,3.7,240,True,True,True,15.0,2.0,3.0,1.0,12.0,1.0,11.0,1.0,9.0,1.0,10.0,1.0,60.0,7.0,20250401,60,7,8244,137.4,7,3,2,0,5,17,8.571428571428571,3.5294117647058822,8.428571428571429,3.6875
212021460,중리초등학교,영도구,공립,특별/광역시,부산광역시 영도구 와치로 286(동삼동. 중리초등학교),486,24,36,20.3,13.5,240,False,True,False,67.0,4.0,56.0,3.0,79.0,4.0,90.0,4.0,94.0,4.0,104.0,5.0,490.0,24.0,20250401,490,24,14617,29.8,28,2,3,0,0,33,17.5,14.848484848484848,20.25,13.5
212021492,청동초등학교,영도구,공립,특별/광역시,부산광역시 영도구 태종로 422번길 51(청학동. 청동초등학교),407,21,30,19.4,13.6,240,False,True,False,56.0,4.0,65.0,3.0,63.0,3.0,75.0,4.0,70.0,3.0,83.0,4.0,412.0,21.0,20250401,412,21,16692,40.5,26,9,4,1,0,40,15.846153846153847,10.3,19.38095238095238,13.566666666666666
212021500,청학초등학교,영도구,공립,특별/광역시,부산광역시 영도구 청학로 49. 청학초등학교 (청학동),151,11,21,13.7,7.2,240,True,True,True,14.0,2.0,19.0,1.0,28.0,2.0,25.0,2.0,25.0,2.0,40.0,2.0,151.0,11.0,20250401,151,11,11664,77.2,10,10,9,0,13,42,15.1,3.5952380952380953,13.727272727272727,7.190476190476191
212021524,태종대초등학교,영도구,공립,특별/광역시,부산광역시 영도구 태종로 802. 38 (동삼동),105,7,13,15.0,8.1,240,True,True,True,21.0,2.0,12.0,1.0,17.0,1.0,7.0,1.0,23.0,1.0,24.0,1.0,104.0,7.0,20250401,104,7,7574,72.8,10,0,4,0,1,15,10.4,6.933333333333334,15.0,8.076923076923077
212021287,광일초등학교,중구,공립,특별/광역시,부산광역시 중구 중구로 74(대청동4가) 광일초등학교,203,12,22,16.9,9.2,240,True,True,True,22.0,1.0,25.0,2.0,42.0,2.0,36.0,2.0,40.0,3.0,46.0,2.0,211.0,12.0,20250401,211,12,10424,49.4,22,0,4,0,0,26,9.590909090909092,8.115384615384615,16.916666666666668,9.227272727272727
212021286,보수초등학교,중구,공립,특별/광역시,부산광역시 중구 흑교로 74(보수동1가),154,12,19,12.8,8.1,240,True,True,True,9.0,1.0,26.0,2.0,26.0,2.0,28.0,3.0,38.0,2.0,30.0,2.0,157.0,12.0,20250401,157,12,5277,33.6,12,1,3,0,0,16,13.083333333333334,9.8125,12.833333333333334,8.105263157894736
212021288,봉래초등학교,중구,공립,특별/광역시,부산광역시 중구 대영로 226번길 15(영주동.봉래초등학교),171,12,23,14.3,7.4,240,True,True,True,19.0,1.0,26.0,2.0,26.0,2.0,32.0,2.0,29.0,2.0,41.0,3.0,173.0,12.0,20250401,173,12,9469,54.7,14,1,2,0,0,17,12.357142857142858,10.176470588235293,14.25,7.434782608695652
216021112,강동초등학교,해운대구,공립,특별/광역시,부산광역시 해운대구 해운대로349번길 10(우동. 강동초등학교),753,33,49,22.8,15.4,240,False,True,False,127.0,6.0,117.0,5.0,111.0,5.0,145.0,6.0,130.0,6.0,126.0,5.0,756.0,33.0,20250401,756,33,18739,24.8,34,3,3,0,2,42,22.235294117647058,18.0,22.818181818181817,15.36734693877551
216021184,동백초등학교,해운대구,공립,특별/광역시,부산광역시 해운대구 좌동순환로357번길 6. 동백초등학교 (중동),627,30,47,20.9,13.3,240,False,True,False,87.0,4.0,92.0,5.0,119.0,5.0,109.0,5.0,123.0,6.0,100.0,5.0,630.0,30.0,20250401,630,30,16545,26.3,31,2,3,0,0,36,20.322580645161292,17.5,20.9,13.340425531914894
216021200,무정초등학교,해운대구,공립,특별/광역시,부산광역시 해운대구 반여로 68-11. 무정초등학교 (반여동),504,24,31,21.0,16.3,240,False,True,False,101.0,5.0,89.0,5.0,92.0,4.0,69.0,3.0,86.0,4.0,71.0,3.0,508.0,24.0,20250401,508,24,10299,20.3,24,0,5,0,7,36,21.166666666666668,14.11111111111111,21.0,16.258064516129032
216021232,반산초등학교,해운대구,공립,특별/광역시,부산광역시 해운대구 재반로 171(재송동. 반산초등학교),291,19,29,15.3,10.0,240,False,True,False,24.0,2.0,32.0,2.0,51.0,4.0,57.0,4.0,56.0,4.0,66.0,3.0,286.0,19.0,20250401,286,19,8157,28.5,27,2,4,0,0,33,10.592592592592593,8.666666666666666,15.31578947368421,10.03448275862069
216021238,반석초등학교,해운대구,공립,특별/광역시,부산광역시 해운대구 선수촌로207번길 14(반여동. 반석초등학교),62,7,14,8.9,4.4,240,True,True,True,9.0,2.0,10.0,1.0,10.0,1.0,9.0,1.0,12.0,1.0,10.0,1.0,60.0,7.0,20250401,60,7,7780,129.7,7,0,18,0,1,26,8.571428571428571,2.3076923076923075,8.857142857142858,4.428571428571429
216021244,반송초등학교,해운대구,공립,특별/광역시,부산광역시 해운대구 아랫반송로30번길 37-16(반송동) 반송초등학교,104,10,17,10.4,6.1,240,True,True,True,8.0,1.0,10.0,1.0,16.0,2.0,20.0,1.0,30.0,3.0,18.0,2.0,102.0,10.0,20250401,102,10,14507,142.2,17,3,8,0,3,31,6.0,3.2903225806451615,10.4,6.117647058823529
216021021,반안초등학교,해운대구,공립,특별/광역시,부산광역시 해운대구 명장로67번길 40-42. 반안초등학교 (반여동),516,25,38,20.6,13.6,240,False,True,False,63.0,3.0,80.0,4.0,64.0,3.0,104.0,6.0,91.0,4.0,113.0,5.0,515.0,25.0,20250401,515,25,8980,17.4,27,4,7,0,0,38,19.074074074074073,13.552631578947368,20.64,13.578947368421053
216021256,반여초등학교,해운대구,공립,특별/광역시,부산광역시 해운대구 재반로 301. 반여초등학교,161,13,22,12.4,7.3,240,True,True,True,10.0,1.0,26.0,2.0,36.0,4.0,29.0,2.0,39.0,2.0,28.0,2.0,168.0,13.0,20250401,168,13,29307,174.4,23,0,7,0,3,33,7.304347826086956,5.090909090909091,12.384615384615385,7.318181818181818
216021262,부흥초등학교,해운대구,공립,특별/광역시,부산광역시 해운대구 좌동순환로 216(좌동. 부흥초등학교),731,30,43,24.4,17.0,240,False,True,False,82.0,4.0,100.0,4.0,131.0,6.0,136.0,5.0,151.0,6.0,131.0,5.0,731.0,30.0,20250401,731,30,10647,14.6,30,5,6,0,7,48,24.366666666666667,15.229166666666666,24.366666666666667,17.0
216021569,삼어초등학교,해운대구,공립,특별/광역시,부산광역시 해운대구 삼어로91번길 73(반여동.삼어초등학교),272,16,22,17.0,12.4,240,False,True,False,30.0,2.0,38.0,2.0,50.0,3.0,49.0,3.0,55.0,3.0,56.0,3.0,278.0,16.0,20250401,278,16,10784,38.8,17,5,10,0,10,42,16.352941176470587,6.619047619047619,17.0,12.363636363636363
216021272,상당초등학교,해운대구,공립,특별/광역시,부산광역시 해운대구 세실로 173(좌동.상당초등학교),739,31,51,23.8,14.5,240,False,True,False,105.0,5.0,100.0,4.0,116.0,5.0,152.0,6.0,125.0,5.0,128.0,6.0,726.0,31.0,20250401,726,31,12008,16.5,34,5,4,0,3,46,21.352941176470587,15.782608695652174,23.838709677419356,14.490196078431373
216021571,센텀초등학교,해운대구,공립,특별/광역시,부산광역시 해운대구 센텀중앙로 166. 센텀초등학교 (재송동. 센텀초등학교),1472,56,79,26.3,18.6,240,False,True,False,198.0,8.0,206.0,8.0,235.0,9.0,260.0,10.0,293.0,11.0,261.0,10.0,1453.0,56.0,20250401,1453,56,10989,7.6,68,0,2,0,0,70,21.36764705882353,20.757142857142856,26.285714285714285,18.632911392405063
216021570,송수초등학교,해운대구,공립,특별/광역시,부산광역시 해운대구 해운대로76번길 35(재송동. 송수초등학교),850,38,56,22.4,15.2,240,False,True,False,125.0,6.0,118.0,5.0,132.0,6.0,147.0,6.0,178.0,7.0,166.0,8.0,866.0,38.0,20250401,866,38,11163,12.9,44,2,3,1,0,50,19.681818181818183,17.32,22.36842105263158,15.178571428571429
216021280,송운초등학교,해운대구,공립,특별/광역시,부산광역시 해운대구 신반송로 20(반송동. 송운초등학교),295,17,26,17.4,11.3,240,False,True,False,36.0,2.0,52.0,3.0,54.0,3.0,53.0,3.0,51.0,2.0,60.0,4.0,306.0,17.0,20250401,306,17,13847,45.3,19,7,18,0,0,44,16.105263157894736,6.954545454545454,17.352941176470587,11.346153846153847
216021292,송정초등학교,해운대구,공립,특별/광역시,부산광역시 해운대구 해운대로 1164-9. 송정초등학교 (송정동),220,14,22,15.7,10.0,240,True,True,True,29.0,3.0,21.0,1.0,31.0,2.0,41.0,2.0,50.0,3.0,47.0,3.0,219.0,14.0,20250401,219,14,11635,53.1,15,0,7,0,0,22,14.6,9.954545454545455,15.714285714285714,10.0
216021322,신곡초등학교,해운대구,공립,특별/광역시,부산광역시 해운대구 좌동순환로 290(좌동.신곡초등학교),474,23,37,20.6,12.8,240,False,True,False,47.0,3.0,53.0,3.0,89.0,4.0,89.0,5.0,96.0,4.0,90.0,4.0,464.0,23.0,20250401,464,23,12344,26.6,26,0,18,0,4,48,17.846153846153847,9.666666666666666,20.608695652173914,12.81081081081081
216021325,신도초등학교,해운대구,공립,특별/광역시,부산광역시 해운대구 좌동순환로 34(좌동. 신도초등학교),561,26,41,21.6,13.7,240,False,True,False,82.0,4.0,80.0,4.0,93.0,4.0,111.0,5.0,84.0,4.0,116.0,5.0,566.0,26.0,20250401,566,26,12640,22.3,28,5,8,0,4,45,20.214285714285715,12.577777777777778,21.576923076923077,13.682926829268293
216021328,신재초등학교,해운대구,공립,특별/광역시,부산광역시 해운대구 해운대로81번길 55(재송동. 신재초등학교),303,17,26,17.8,11.7,240,False,True,False,36.0,2.0,54.0,4.0,48.0,3.0,67.0,3.0,45.0,2.0,63.0,3.0,313.0,17.0,20250401,313,17,13863,44.3,21,2,4,0,2,29,14.904761904761905,10.793103448275861,17.823529411764707,11.653846153846153
216021346,양운초등학교,해운대구,공립,특별/광역시,부산광역시 해운대구 대천로67번길 36(좌동. 양운초등학교),345,18,27,19.2,12.8,240,False,True,False,35.0,2.0,36.0,2.0,68.0,4.0,52.0,3.0,62.0,3.0,89.0,4.0,342.0,18.0,20250401,342,18,12383,36.2,21,3,4,0,14,42,16.285714285714285,8.142857142857142,19.166666666666668,12.777777777777779
216021352,운봉초등학교,해운대구,공립,특별/광역시,부산광역시 해운대구 신반송로 11-20. 운봉초등학교 (반송동),106,10,19,10.6,5.6,240,True,True,True,13.0,1.0,6.0,1.0,16.0,1.0,20.0,1.0,30.0,3.0,26.0,3.0,111.0,10.0,20250401,111,10,16487,148.5,33,6,4,0,4,47,3.3636363636363638,2.3617021276595747,10.6,5.578947368421052
216021364,운송초등학교,해운대구,공립,특별/광역시,부산광역시 해운대구 반송로 839(반송동.운송초등학교),75,7,12,10.7,6.3,240,True,True,True,13.0,2.0,6.0,1.0,20.0,1.0,14.0,1.0,9.0,1.0,14.0,1.0,76.0,7.0,20250401,76,7,15292,201.2,8,2,8,0,2,20,9.5,3.8,10.714285714285714,6.25
216021396,인지초등학교,해운대구,공립,특별/광역시,부산광역시 해운대구 반여로 128(반여동),502,24,38,20.9,13.2,240,False,True,False,73.0,4.0,54.0,3.0,85.0,4.0,93.0,4.0,84.0,4.0,116.0,5.0,505.0,24.0,20250401,505,24,13023,25.8,24,2,16,0,10,52,21.041666666666668,9.711538461538462,20.916666666666668,13.210526315789474
216021412,장산초등학교,해운대구,공립,특별/광역시,부산광역시 해운대구 선수촌로 68(반여동.장산초등학교),701,31,47,22.6,14.9,240,False,True,False,93.0,4.0,91.0,4.0,91.0,4.0,138.0,6.0,137.0,6.0,141.0,7.0,691.0,31.0,20250401,691,31,11008,15.9,33,0,10,1,0,44,20.939393939393938,15.704545454545455,22.612903225806452,14.914893617021276
216021436,재송초등학교,해운대구,공립,특별/광역시,부산광역시 해운대구 재반로64번길 33(재송동.재송초등학교),336,19,31,17.7,10.8,240,False,True,False,37.0,2.0,47.0,3.0,64.0,4.0,57.0,3.0,80.0,4.0,59.0,3.0,344.0,19.0,20250401,344,19,14353,41.7,19,0,12,0,4,35,18.105263157894736,9.82857142857143,17.68421052631579,10.838709677419354
216021460,좌동초등학교,해운대구,공립,특별/광역시,부산광역시 해운대구 세실로 127(좌동. 좌동초등학교),396,20,30,19.8,13.2,240,False,True,False,36.0,2.0,57.0,3.0,64.0,3.0,62.0,3.0,76.0,4.0,96.0,5.0,391.0,20.0,20250401,391,20,12496,32.0,25,3,9,0,0,37,15.64,10.567567567567568,19.8,13.2
216021472,좌산초등학교,해운대구,공립,특별/광역시,부산광역시 해운대구 좌동순환로311번길 7(좌동. 좌산초등학교),460,21,36,21.9,12.8,240,False,True,False,73.0,4.0,65.0,3.0,76.0,3.0,84.0,4.0,67.0,3.0,91.0,4.0,456.0,21.0,20250401,456,21,12390,27.2,22,0,11,3,11,47,20.727272727272727,9.702127659574469,21.904761904761905,12.777777777777779
216021532,해강초등학교,해운대구,공립,특별/광역시,부산광역시 해운대구 해운대해변로 73(우동. 해강초등학교),748,33,46,22.7,16.3,240,False,True,False,100.0,5.0,121.0,6.0,125.0,5.0,146.0,6.0,124.0,5.0,134.0,6.0,750.0,33.0,20250401,750,33,11962,15.9,33,3,2,0,0,38,22.727272727272727,19.736842105263158,22.666666666666668,16.26086956521739
216021544,해동초등학교,해운대구,공립,특별/광역시,부산광역시 해운대구 우동1로 104(우동. 해동초등학교),320,17,26,18.8,12.3,240,False,True,False,31.0,2.0,28.0,2.0,55.0,3.0,60.0,3.0,73.0,4.0,70.0,3.0,317.0,17.0,20250401,317,17,14999,47.3,17,3,8,0,0,28,18.647058823529413,11.321428571428571,18.823529411764707,12.307692307692308
216021547,해림초등학교,해운대구,공립,특별/광역시,부산광역시 해운대구 해운대로469번길 42(우동),927,39,52,23.8,17.8,240,False,True,False,124.0,5.0,128.0,6.0,185.0,8.0,156.0,7.0,149.0,6.0,183.0,7.0,925.0,39.0,20250401,925,39,11295,12.2,41,2,3,0,0,46,22.5609756097561,20.108695652173914,23.76923076923077,17.826923076923077
216021550,해송초등학교,해운대구,공립,특별/광역시,부산광역시 해운대구 좌동순환로402번길 32(좌동),617,28,45,22.0,13.7,240,False,True,False,72.0,3.0,97.0,4.0,100.0,5.0,122.0,5.0,121.0,5.0,116.0,6.0,628.0,28.0,20250401,628,28,12733,20.3,32,12,11,0,0,55,19.625,11.418181818181818,22.035714285714285,13.71111111111111
216021556,해운대초등학교,해운대구,공립,특별/광역시,부산광역시 해운대구 중동2로24번길 30(중동). 해운대초등학교,1129,49,66,23.0,17.1,240,False,True,False,202.0,9.0,180.0,8.0,189.0,9.0,197.0,8.0,197.0,8.0,169.0,7.0,1134.0,49.0,20250401,1134,49,16947,14.9,41,0,6,0,1,48,27.658536585365855,23.625,23.040816326530614,17.106060606060606
216021185,해원초등학교,해운대구,공립,특별/광역시,부산광역시 해운대구 마린시티2로 10(우동. 해원초등학교),1064,44,62,24.2,17.2,240,False,True,False,171.0,7.0,160.0,7.0,181.0,7.0,195.0,8.0,172.0,7.0,182.0,8.0,1061.0,44.0,20250401,1061,44,7877,7.4,35,0,3,1,0,39,30.314285714285713,27.205128205128204,24.181818181818183,17.161290322580644
